"job_id","output_file","output_sha256","output_bytes"
"boosting_selection_20d_latent_dispersion_n0-5000_n1-5000_transformed-false_seed-001","boosting_selection_20d_latent_dispersion_n0-5000_n1-5000_transformed-false_seed-001.rds","c9686698758c1a8846c8dc43718c85f0db389fd4c7cfd31d686028210bf4db3f",507784
"boosting_selection_20d_latent_dispersion_n0-5000_n1-5000_transformed-false_seed-002","boosting_selection_20d_latent_dispersion_n0-5000_n1-5000_transformed-false_seed-002.rds","a6fff0fe4ca0ffba54762efe377b0ee3d8e80a1dbd1c48276ebc63e625ee28c6",507248
"boosting_selection_20d_latent_dispersion_n0-5000_n1-5000_transformed-false_seed-003","boosting_selection_20d_latent_dispersion_n0-5000_n1-5000_transformed-false_seed-003.rds","633f21525c4a07e76e532240f9b287eeb8c20d70ba18cf505a9747de832066d8",503956
"boosting_selection_20d_latent_dispersion_n0-5000_n1-5000_transformed-false_seed-004","boosting_selection_20d_latent_dispersion_n0-5000_n1-5000_transformed-false_seed-004.rds","7711408a28c639d47a9645a0bcbb29039f911fd0653a58dcb51cd424764c95f4",498356
"boosting_selection_20d_latent_dispersion_n0-5000_n1-5000_transformed-false_seed-005","boosting_selection_20d_latent_dispersion_n0-5000_n1-5000_transformed-false_seed-005.rds","be540d806469f36a8fb2ddabb6397dade0d302e28ff0eaba9128b89ed79b5210",504432
"boosting_selection_20d_latent_dispersion_n0-5000_n1-5000_transformed-false_seed-006","boosting_selection_20d_latent_dispersion_n0-5000_n1-5000_transformed-false_seed-006.rds","17224ed524c98c4dd00ab83456bc57683b5430896c206ad9204ad34106688ae2",492772
"boosting_selection_20d_latent_dispersion_n0-5000_n1-5000_transformed-false_seed-007","boosting_selection_20d_latent_dispersion_n0-5000_n1-5000_transformed-false_seed-007.rds","5ff238a3d1e50beedb7bc65e1cdf22662e3b96bbdda637765c203bb7b3bb9153",505240
"boosting_selection_20d_latent_dispersion_n0-5000_n1-5000_transformed-false_seed-008","boosting_selection_20d_latent_dispersion_n0-5000_n1-5000_transformed-false_seed-008.rds","473b74672904583ca9ccf39eea19fe3baac39debbd742828e8c02692491caa0e",504696
"boosting_selection_20d_latent_dispersion_n0-5000_n1-5000_transformed-false_seed-009","boosting_selection_20d_latent_dispersion_n0-5000_n1-5000_transformed-false_seed-009.rds","47af4b5b98ba7d641a417dd233b875e57f0fae450d92d09920c01527fb02c661",491344
"boosting_selection_20d_latent_dispersion_n0-5000_n1-5000_transformed-false_seed-010","boosting_selection_20d_latent_dispersion_n0-5000_n1-5000_transformed-false_seed-010.rds","eac130a52f9b98f67fd03b8c0dcc86c7add176e249ae5a1fa8db60219acf8e4a",498252
"boosting_selection_20d_latent_dispersion_n0-5000_n1-5000_transformed-false_seed-011","boosting_selection_20d_latent_dispersion_n0-5000_n1-5000_transformed-false_seed-011.rds","7c185b92b8ee85162c6292e8e7bd4f5dc866ad4625b90f7dbcaadbca7a54c4cd",510420
"boosting_selection_20d_latent_dispersion_n0-5000_n1-5000_transformed-false_seed-012","boosting_selection_20d_latent_dispersion_n0-5000_n1-5000_transformed-false_seed-012.rds","4249a81afaa2dffd988edf6c274b5890d15107a204f25c99b425364394775b45",502328
"boosting_selection_20d_latent_dispersion_n0-5000_n1-5000_transformed-false_seed-013","boosting_selection_20d_latent_dispersion_n0-5000_n1-5000_transformed-false_seed-013.rds","e126748b9b386e4b41cc86789dbb4a22b7900c01d795215289607e80e95b487c",503088
"boosting_selection_20d_latent_dispersion_n0-5000_n1-5000_transformed-false_seed-014","boosting_selection_20d_latent_dispersion_n0-5000_n1-5000_transformed-false_seed-014.rds","46aee69dde2ab319c6d9d90bf8ef784e4c26ed75d98854dc14fff5ff57bc11f2",485204
"boosting_selection_20d_latent_dispersion_n0-5000_n1-5000_transformed-false_seed-015","boosting_selection_20d_latent_dispersion_n0-5000_n1-5000_transformed-false_seed-015.rds","02d4c1b3078c7af1e2843f7332f5a15b5a5f9190891fc654f547703d2137cd68",509448
"boosting_selection_20d_latent_dispersion_n0-5000_n1-5000_transformed-false_seed-016","boosting_selection_20d_latent_dispersion_n0-5000_n1-5000_transformed-false_seed-016.rds","bfd9da553f37030ed80425f7cf931a7a94b20df3b41af8a16c7d8c54a2863089",510340
"boosting_selection_20d_latent_dispersion_n0-5000_n1-5000_transformed-false_seed-017","boosting_selection_20d_latent_dispersion_n0-5000_n1-5000_transformed-false_seed-017.rds","76b7ac2c07f05a040c986cba0eeb1ef7560c39026908e106e475635196ce46f5",497876
"boosting_selection_20d_latent_dispersion_n0-5000_n1-5000_transformed-false_seed-018","boosting_selection_20d_latent_dispersion_n0-5000_n1-5000_transformed-false_seed-018.rds","404a2f94ccd749664434c5626b42fdaaa1f2f539212faf84063d5c43a8509946",499408
"boosting_selection_20d_latent_dispersion_n0-5000_n1-5000_transformed-false_seed-019","boosting_selection_20d_latent_dispersion_n0-5000_n1-5000_transformed-false_seed-019.rds","aa86bb855acc5ab4b2777f747e72a4633151a2774afb29a4453d7c428d20779f",513332
"boosting_selection_20d_latent_dispersion_n0-5000_n1-5000_transformed-false_seed-020","boosting_selection_20d_latent_dispersion_n0-5000_n1-5000_transformed-false_seed-020.rds","b5481bd0870d0a52a2dd68ad59991a56706efbe4c35fb3b0ae9b3020aa058ae5",425116
"boosting_selection_20d_latent_dispersion_n0-5000_n1-5000_transformed-false_seed-021","boosting_selection_20d_latent_dispersion_n0-5000_n1-5000_transformed-false_seed-021.rds","ae8fedcfe153866511090a1800a109bfa46dbb47f5c86f48ac68780bd7230e2d",509088
"boosting_selection_20d_latent_dispersion_n0-5000_n1-5000_transformed-false_seed-022","boosting_selection_20d_latent_dispersion_n0-5000_n1-5000_transformed-false_seed-022.rds","713ec35e4d231f20a7027787524df7c4a8886d3c22912a7a846e6e3da60b337c",493712
"boosting_selection_20d_latent_dispersion_n0-5000_n1-5000_transformed-false_seed-023","boosting_selection_20d_latent_dispersion_n0-5000_n1-5000_transformed-false_seed-023.rds","2406ea1a45823afb3840b4c5332cf68290eea52a1c1afa0eb4f02afd3a68e972",502484
"boosting_selection_20d_latent_dispersion_n0-5000_n1-5000_transformed-false_seed-024","boosting_selection_20d_latent_dispersion_n0-5000_n1-5000_transformed-false_seed-024.rds","eb550e3fdbfa90bb563b3a7e47002196abbd0f3afd527d102353bd813fa0098c",508472
"boosting_selection_20d_latent_dispersion_n0-5000_n1-5000_transformed-false_seed-025","boosting_selection_20d_latent_dispersion_n0-5000_n1-5000_transformed-false_seed-025.rds","a0ad6ccfbba592fcc69e430590f4b2005662a7cd1629acf2ad6da34d941cc38f",501812
"boosting_selection_20d_latent_dispersion_n0-5000_n1-5000_transformed-false_seed-026","boosting_selection_20d_latent_dispersion_n0-5000_n1-5000_transformed-false_seed-026.rds","207918df10935bca0497910f3c7174956a827da9c62c25cf294ea60992ce7112",492084
"boosting_selection_20d_latent_dispersion_n0-5000_n1-5000_transformed-false_seed-027","boosting_selection_20d_latent_dispersion_n0-5000_n1-5000_transformed-false_seed-027.rds","4f57754d7a74c7741b2716bd53665e43908cfda45610277699871fdc82b36471",496496
"boosting_selection_20d_latent_dispersion_n0-5000_n1-5000_transformed-false_seed-028","boosting_selection_20d_latent_dispersion_n0-5000_n1-5000_transformed-false_seed-028.rds","0d5a4d6eb97053bce717b18bb91abd5a07534209c68c1330734b1d12be86fb59",499824
"boosting_selection_20d_latent_dispersion_n0-5000_n1-5000_transformed-false_seed-029","boosting_selection_20d_latent_dispersion_n0-5000_n1-5000_transformed-false_seed-029.rds","4d4e468cef86f604a3d1138365d6e0f1430b87dee080f3afaafabf5202fe98fa",526416
"boosting_selection_20d_latent_dispersion_n0-5000_n1-5000_transformed-false_seed-030","boosting_selection_20d_latent_dispersion_n0-5000_n1-5000_transformed-false_seed-030.rds","faada80e483aa2c036228ccb8f4dbfa2f587d84f8a7595866e1241c87f34663d",520936
"boosting_selection_20d_latent_dispersion_n0-5000_n1-5000_transformed-false_seed-031","boosting_selection_20d_latent_dispersion_n0-5000_n1-5000_transformed-false_seed-031.rds","14eb1957921b3adf9e344818d8d3b4bdb85e32c18fa866d264fd8c03d6fe9edc",501724
"boosting_selection_20d_latent_dispersion_n0-5000_n1-5000_transformed-false_seed-032","boosting_selection_20d_latent_dispersion_n0-5000_n1-5000_transformed-false_seed-032.rds","f61c1e94f670bd059c0836c5d279cd4ac32bc7079ff90919a5fedfdd120f244c",494536
"boosting_selection_20d_latent_dispersion_n0-5000_n1-5000_transformed-false_seed-033","boosting_selection_20d_latent_dispersion_n0-5000_n1-5000_transformed-false_seed-033.rds","10586d0a84e05f5443713355e8dec1147071e950cd519929785bff121ea7cc68",469448
"boosting_selection_20d_latent_dispersion_n0-5000_n1-5000_transformed-false_seed-034","boosting_selection_20d_latent_dispersion_n0-5000_n1-5000_transformed-false_seed-034.rds","2ffc6701c84936ceab061b6c424d070ccd06eb0e88ecedd3c9ff2b51c8c8f10f",488368
"boosting_selection_20d_latent_dispersion_n0-5000_n1-5000_transformed-false_seed-035","boosting_selection_20d_latent_dispersion_n0-5000_n1-5000_transformed-false_seed-035.rds","297551dff4675eb96ca4dd634dff259ad04a1905821172fde6cea8fe9799f053",488144
"boosting_selection_20d_latent_dispersion_n0-5000_n1-5000_transformed-false_seed-036","boosting_selection_20d_latent_dispersion_n0-5000_n1-5000_transformed-false_seed-036.rds","8b24944bd39bbd510cdfce6969bc86a7b6fe95b6f60af06d5a5e7bd3e4e3c519",508884
"boosting_selection_20d_latent_dispersion_n0-5000_n1-5000_transformed-false_seed-037","boosting_selection_20d_latent_dispersion_n0-5000_n1-5000_transformed-false_seed-037.rds","82fff388a15bd6b13b634ae034382f2b49777014d50c783b04b6b7bdda0f551b",490404
"boosting_selection_20d_latent_dispersion_n0-5000_n1-5000_transformed-false_seed-038","boosting_selection_20d_latent_dispersion_n0-5000_n1-5000_transformed-false_seed-038.rds","90b5e6fea721641a35140590c982c3fd95d194952cfca3b3b7b92745df41a09e",505808
"boosting_selection_20d_latent_dispersion_n0-5000_n1-5000_transformed-false_seed-039","boosting_selection_20d_latent_dispersion_n0-5000_n1-5000_transformed-false_seed-039.rds","8c1759b25e51edd5a61ed611627a261a379634ee1dffc9778a60c017be4592e1",504920
"boosting_selection_20d_latent_dispersion_n0-5000_n1-5000_transformed-false_seed-040","boosting_selection_20d_latent_dispersion_n0-5000_n1-5000_transformed-false_seed-040.rds","7cf3ae2cda1e5afa29b271f2422e3fc96c6fe15afc57a8a6630b48844f89ae57",505296
"boosting_selection_20d_latent_dispersion_n0-5000_n1-5000_transformed-false_seed-041","boosting_selection_20d_latent_dispersion_n0-5000_n1-5000_transformed-false_seed-041.rds","fa8b384278f7b93a3f2b44c95e3017837567fb25f4ac06269e178088a86ebb8a",498200
"boosting_selection_20d_latent_dispersion_n0-5000_n1-5000_transformed-false_seed-042","boosting_selection_20d_latent_dispersion_n0-5000_n1-5000_transformed-false_seed-042.rds","76e8cca83c8ecd0e34b25bbefea9a2c3cede95603f9d3dcb619b64e27b65488b",469996
"boosting_selection_20d_latent_dispersion_n0-5000_n1-5000_transformed-false_seed-043","boosting_selection_20d_latent_dispersion_n0-5000_n1-5000_transformed-false_seed-043.rds","723e4b856751a84165f61edc8810c961dfabb57be530b7a82f9c3bdcf8d8f4d2",507036
"boosting_selection_20d_latent_dispersion_n0-5000_n1-5000_transformed-false_seed-044","boosting_selection_20d_latent_dispersion_n0-5000_n1-5000_transformed-false_seed-044.rds","4cf4afded91d78ae66620cb645c9787a9a9a530ff008a4a4dad61c13119f1393",515164
"boosting_selection_20d_latent_dispersion_n0-5000_n1-5000_transformed-false_seed-045","boosting_selection_20d_latent_dispersion_n0-5000_n1-5000_transformed-false_seed-045.rds","a795eaafe63a8c50a97048d85a7a951bb2d2656d3ba8c77a7da5942a2a7a4449",491764
"boosting_selection_20d_latent_dispersion_n0-5000_n1-5000_transformed-false_seed-046","boosting_selection_20d_latent_dispersion_n0-5000_n1-5000_transformed-false_seed-046.rds","da8f0c499dc3d5f1ccf8d84f8a60af98c51a13d62f800b9a661b4a3e651ff32a",490536
"boosting_selection_20d_latent_dispersion_n0-5000_n1-5000_transformed-false_seed-047","boosting_selection_20d_latent_dispersion_n0-5000_n1-5000_transformed-false_seed-047.rds","bfa4d756fcd1aa904166001a05ba7bc0b409bfd57884a3925b539905305e24ca",505144
"boosting_selection_20d_latent_dispersion_n0-5000_n1-5000_transformed-false_seed-048","boosting_selection_20d_latent_dispersion_n0-5000_n1-5000_transformed-false_seed-048.rds","b2988a5166ffc651bc6bf4a99eede7eac1650101efb4884ea47c85d11ea61c20",477240
"boosting_selection_20d_latent_dispersion_n0-5000_n1-5000_transformed-false_seed-049","boosting_selection_20d_latent_dispersion_n0-5000_n1-5000_transformed-false_seed-049.rds","a252cbb5ada30723708bab7b06081e7011ad9eb7bae30636b7b176a3f8b6bc2f",496500
"boosting_selection_20d_latent_dispersion_n0-5000_n1-5000_transformed-false_seed-050","boosting_selection_20d_latent_dispersion_n0-5000_n1-5000_transformed-false_seed-050.rds","4e270693fd62ad95fbd48ddf2996bc78bd4578391347ee8b11329a9138bd322c",504108
"boosting_selection_20d_latent_dispersion_n0-5000_n1-5000_transformed-true_seed-001","boosting_selection_20d_latent_dispersion_n0-5000_n1-5000_transformed-true_seed-001.rds","dbbbeb72e9f324f2864c412bae38bdbddfde096320178842b60c47f35af5a2c1",516500
"boosting_selection_20d_latent_dispersion_n0-5000_n1-5000_transformed-true_seed-002","boosting_selection_20d_latent_dispersion_n0-5000_n1-5000_transformed-true_seed-002.rds","06d6ec8921e3e05c44d237e498a0ca2ad81d1eb144055d51be90fdcde3b38e3e",510228
"boosting_selection_20d_latent_dispersion_n0-5000_n1-5000_transformed-true_seed-003","boosting_selection_20d_latent_dispersion_n0-5000_n1-5000_transformed-true_seed-003.rds","f4fb4b442b3fc4e3800a952b9c3cd0e02ec21c196a3f0305ebfa57bf6b64592a",501200
"boosting_selection_20d_latent_dispersion_n0-5000_n1-5000_transformed-true_seed-004","boosting_selection_20d_latent_dispersion_n0-5000_n1-5000_transformed-true_seed-004.rds","95821f5ba8c57cfc971caeda66320ca03d1b8c493787d07fc8602b0121b16777",488420
"boosting_selection_20d_latent_dispersion_n0-5000_n1-5000_transformed-true_seed-005","boosting_selection_20d_latent_dispersion_n0-5000_n1-5000_transformed-true_seed-005.rds","fc6c5b202a41575cc80be64941d4c7b34fefb72991064a81431ee778c95f1094",508232
"boosting_selection_20d_latent_dispersion_n0-5000_n1-5000_transformed-true_seed-006","boosting_selection_20d_latent_dispersion_n0-5000_n1-5000_transformed-true_seed-006.rds","922219aa1a7dfa0a0d18dd7627d568314f84709d0610ff342ffee2c989b216dc",507080
"boosting_selection_20d_latent_dispersion_n0-5000_n1-5000_transformed-true_seed-007","boosting_selection_20d_latent_dispersion_n0-5000_n1-5000_transformed-true_seed-007.rds","dc179f85b6f3b9fa6775ad38fdcd31c784fb7a66432174fd39606d7c407c5ef7",499040
"boosting_selection_20d_latent_dispersion_n0-5000_n1-5000_transformed-true_seed-008","boosting_selection_20d_latent_dispersion_n0-5000_n1-5000_transformed-true_seed-008.rds","43db131d06cd191212c2f29445009fd31a25eb4850b216b646099e8f677ddbd3",471024
"boosting_selection_20d_latent_dispersion_n0-5000_n1-5000_transformed-true_seed-009","boosting_selection_20d_latent_dispersion_n0-5000_n1-5000_transformed-true_seed-009.rds","b47ec5ac4ecf2214a3a578f4180449eb22cb45f12abc8e43f7341d6d586cd38c",496528
"boosting_selection_20d_latent_dispersion_n0-5000_n1-5000_transformed-true_seed-010","boosting_selection_20d_latent_dispersion_n0-5000_n1-5000_transformed-true_seed-010.rds","9b3b6bc1c827545fe9d5072d22cf980925e42209362c92936631ccb36a859c8a",482200
"boosting_selection_20d_latent_dispersion_n0-5000_n1-5000_transformed-true_seed-011","boosting_selection_20d_latent_dispersion_n0-5000_n1-5000_transformed-true_seed-011.rds","ea4fdeb5dcf2c818976abbf892f3d7b5f542088bd56698c000d53fd651c15828",487512
"boosting_selection_20d_latent_dispersion_n0-5000_n1-5000_transformed-true_seed-012","boosting_selection_20d_latent_dispersion_n0-5000_n1-5000_transformed-true_seed-012.rds","e050eabd6e148c470a1e6f06fc9773f4410e835d889a128db2d690d67662f90e",503584
"boosting_selection_20d_latent_dispersion_n0-5000_n1-5000_transformed-true_seed-013","boosting_selection_20d_latent_dispersion_n0-5000_n1-5000_transformed-true_seed-013.rds","ebce9d8d41c98db69d5f389d165b4a8aeec6fa9c6dba18a35b1fe81dd512f7e3",493808
"boosting_selection_20d_latent_dispersion_n0-5000_n1-5000_transformed-true_seed-014","boosting_selection_20d_latent_dispersion_n0-5000_n1-5000_transformed-true_seed-014.rds","967f2c4cfa954ded4c66fa1c71ce0c9c27de327adc7c87857cc200a9d8af4cf7",493092
"boosting_selection_20d_latent_dispersion_n0-5000_n1-5000_transformed-true_seed-015","boosting_selection_20d_latent_dispersion_n0-5000_n1-5000_transformed-true_seed-015.rds","32c188d75caec0d7ace97e586738695ed18f7dccc29f7b45985732d989d7f817",497080
"boosting_selection_20d_latent_dispersion_n0-5000_n1-5000_transformed-true_seed-016","boosting_selection_20d_latent_dispersion_n0-5000_n1-5000_transformed-true_seed-016.rds","a4b08a03a90f35f1a1f720e5ca1c28e0ebfe8f0b6d1dea6c99122a0bf6482f40",511188
"boosting_selection_20d_latent_dispersion_n0-5000_n1-5000_transformed-true_seed-017","boosting_selection_20d_latent_dispersion_n0-5000_n1-5000_transformed-true_seed-017.rds","8847c8cb1dffa6499ca986b39f818218257dda57b2e685024d9a6d65b17187e7",509760
"boosting_selection_20d_latent_dispersion_n0-5000_n1-5000_transformed-true_seed-018","boosting_selection_20d_latent_dispersion_n0-5000_n1-5000_transformed-true_seed-018.rds","507202784bde2a82f1ae0daaba5fecf9d2602d2ac9b1518ffbb65b26647dab1b",497316
"boosting_selection_20d_latent_dispersion_n0-5000_n1-5000_transformed-true_seed-019","boosting_selection_20d_latent_dispersion_n0-5000_n1-5000_transformed-true_seed-019.rds","1a7d1b074d1764c17586fa6eaf6c1498d02c1f6af66e21489c65ff8549d0aa6f",508788
"boosting_selection_20d_latent_dispersion_n0-5000_n1-5000_transformed-true_seed-020","boosting_selection_20d_latent_dispersion_n0-5000_n1-5000_transformed-true_seed-020.rds","1e28d55214500ca714ddf54992a1fa6dd31ea6b6ea45191f1aea0002b04a5dec",410996
"boosting_selection_20d_latent_dispersion_n0-5000_n1-5000_transformed-true_seed-021","boosting_selection_20d_latent_dispersion_n0-5000_n1-5000_transformed-true_seed-021.rds","59293a8749b3f0af0a60c1be14d7fa500855a29b683b60f9238ac6eb5be5177e",510332
"boosting_selection_20d_latent_dispersion_n0-5000_n1-5000_transformed-true_seed-022","boosting_selection_20d_latent_dispersion_n0-5000_n1-5000_transformed-true_seed-022.rds","e2097767414ecc033fa7773122be81aaa1c06fac043b5fcea1de2322391e6bfa",490576
"boosting_selection_20d_latent_dispersion_n0-5000_n1-5000_transformed-true_seed-023","boosting_selection_20d_latent_dispersion_n0-5000_n1-5000_transformed-true_seed-023.rds","abfe28e0f7f76631cdc513a3de025fec5edcdb3a69fcf6474bc3aa29b202001b",505144
"boosting_selection_20d_latent_dispersion_n0-5000_n1-5000_transformed-true_seed-024","boosting_selection_20d_latent_dispersion_n0-5000_n1-5000_transformed-true_seed-024.rds","1877db708f6f9c7e01faa26eb94bcd21aba5286043a4f95131e30b0f97e98f97",491888
"boosting_selection_20d_latent_dispersion_n0-5000_n1-5000_transformed-true_seed-025","boosting_selection_20d_latent_dispersion_n0-5000_n1-5000_transformed-true_seed-025.rds","0133e3d7932c824f62e2777e183910933a354029829aaeba12ea2d7549b25dee",505044
"boosting_selection_20d_latent_dispersion_n0-5000_n1-5000_transformed-true_seed-026","boosting_selection_20d_latent_dispersion_n0-5000_n1-5000_transformed-true_seed-026.rds","1bcfb266edc3edaa36cef6cf7b8ea96b38a508dde21a7b844114f45580da549e",488400
"boosting_selection_20d_latent_dispersion_n0-5000_n1-5000_transformed-true_seed-027","boosting_selection_20d_latent_dispersion_n0-5000_n1-5000_transformed-true_seed-027.rds","5cbb31529b6a09b1b582ad40ce2fe75954db84765c950ea7b599595813eec4c0",493080
"boosting_selection_20d_latent_dispersion_n0-5000_n1-5000_transformed-true_seed-028","boosting_selection_20d_latent_dispersion_n0-5000_n1-5000_transformed-true_seed-028.rds","b76203991916191b251af3e12dad30ef58b7b788025e024507f30d94a3f60da7",500240
"boosting_selection_20d_latent_dispersion_n0-5000_n1-5000_transformed-true_seed-029","boosting_selection_20d_latent_dispersion_n0-5000_n1-5000_transformed-true_seed-029.rds","e1400afaec43ab5db010a2790f26de122ca350dfd4e800af78d5a108edcc1c2c",516924
"boosting_selection_20d_latent_dispersion_n0-5000_n1-5000_transformed-true_seed-030","boosting_selection_20d_latent_dispersion_n0-5000_n1-5000_transformed-true_seed-030.rds","5de1a00ddac027b36ecda811f2a572de1f4f348dcabc18ad85594c882171b3b4",512652
"boosting_selection_20d_latent_dispersion_n0-5000_n1-5000_transformed-true_seed-031","boosting_selection_20d_latent_dispersion_n0-5000_n1-5000_transformed-true_seed-031.rds","765e36e8e1c3701cfeb48d920e4a103768ac12aed84d1aa0fe0b9e1828597c86",499444
"boosting_selection_20d_latent_dispersion_n0-5000_n1-5000_transformed-true_seed-032","boosting_selection_20d_latent_dispersion_n0-5000_n1-5000_transformed-true_seed-032.rds","3562bb526ded0df8e346134fbe70a1cb4c735bb619db00f8a2eaffa664298990",509824
"boosting_selection_20d_latent_dispersion_n0-5000_n1-5000_transformed-true_seed-033","boosting_selection_20d_latent_dispersion_n0-5000_n1-5000_transformed-true_seed-033.rds","33180b8eabf7f3bca55e71fa56b768d041baa5a3cacbdedabe55188b75249d17",463232
"boosting_selection_20d_latent_dispersion_n0-5000_n1-5000_transformed-true_seed-034","boosting_selection_20d_latent_dispersion_n0-5000_n1-5000_transformed-true_seed-034.rds","f1c6312a82ff6e024c7bf1fa4017775219fcaafa05711865a3fef80e47e1c7bd",486420
"boosting_selection_20d_latent_dispersion_n0-5000_n1-5000_transformed-true_seed-035","boosting_selection_20d_latent_dispersion_n0-5000_n1-5000_transformed-true_seed-035.rds","55b501c39c8e562adda678c312af34b3833abb4ee04946b6ead4f5a7bdd8ab7b",488928
"boosting_selection_20d_latent_dispersion_n0-5000_n1-5000_transformed-true_seed-036","boosting_selection_20d_latent_dispersion_n0-5000_n1-5000_transformed-true_seed-036.rds","89368c63c277ebd640b3050a0bde427db77ff40d9571f3aafc8b2e85fdfc1715",511660
"boosting_selection_20d_latent_dispersion_n0-5000_n1-5000_transformed-true_seed-037","boosting_selection_20d_latent_dispersion_n0-5000_n1-5000_transformed-true_seed-037.rds","c627d7570fc1103330f5b642740d0c19468e45e2b775c98df34fd4b2994a71ee",488400
"boosting_selection_20d_latent_dispersion_n0-5000_n1-5000_transformed-true_seed-038","boosting_selection_20d_latent_dispersion_n0-5000_n1-5000_transformed-true_seed-038.rds","03bfb9401c27e4f1463a3e27527ab57cde69e7d89b30af10ac79b1fdbf554104",497324
"boosting_selection_20d_latent_dispersion_n0-5000_n1-5000_transformed-true_seed-039","boosting_selection_20d_latent_dispersion_n0-5000_n1-5000_transformed-true_seed-039.rds","d4b962b0a94751cb7d8daf73034a84467c8262c414f0e0579719cbb9f58d7bf3",505564
"boosting_selection_20d_latent_dispersion_n0-5000_n1-5000_transformed-true_seed-040","boosting_selection_20d_latent_dispersion_n0-5000_n1-5000_transformed-true_seed-040.rds","fa0e19c0ef4210510c84d762ccc3bc1536cc09138251e7334fbcf5f67480980c",519184
"boosting_selection_20d_latent_dispersion_n0-5000_n1-5000_transformed-true_seed-041","boosting_selection_20d_latent_dispersion_n0-5000_n1-5000_transformed-true_seed-041.rds","b2d927a5beaeabed9cc27854b380d840121e4684a85835bc5a7c64e59e87a2e1",478688
"boosting_selection_20d_latent_dispersion_n0-5000_n1-5000_transformed-true_seed-042","boosting_selection_20d_latent_dispersion_n0-5000_n1-5000_transformed-true_seed-042.rds","62ef07b1ad71e1b07950c1fea92380c41c0fb411e900ae99adcac5fe51d4c3ff",469680
"boosting_selection_20d_latent_dispersion_n0-5000_n1-5000_transformed-true_seed-043","boosting_selection_20d_latent_dispersion_n0-5000_n1-5000_transformed-true_seed-043.rds","07c7aefe6a259a2cfa176154b1e5beeed28203cdf4f3fea29463e72a14716f13",511256
"boosting_selection_20d_latent_dispersion_n0-5000_n1-5000_transformed-true_seed-044","boosting_selection_20d_latent_dispersion_n0-5000_n1-5000_transformed-true_seed-044.rds","90365ba87e8ec25b7fba149127a885e75aea61254ea4531869efddce00f29e2a",521172
"boosting_selection_20d_latent_dispersion_n0-5000_n1-5000_transformed-true_seed-045","boosting_selection_20d_latent_dispersion_n0-5000_n1-5000_transformed-true_seed-045.rds","3b7895509e674cc5394b6cb313b3c44cc5c67086f7f7ec6130ae81cbbfd94958",479664
"boosting_selection_20d_latent_dispersion_n0-5000_n1-5000_transformed-true_seed-046","boosting_selection_20d_latent_dispersion_n0-5000_n1-5000_transformed-true_seed-046.rds","57656623d9f5d48d55cb14552948df1885f610fdcc5bdf6aacd8564f960d6991",453208
"boosting_selection_20d_latent_dispersion_n0-5000_n1-5000_transformed-true_seed-047","boosting_selection_20d_latent_dispersion_n0-5000_n1-5000_transformed-true_seed-047.rds","fba6096358a9df0ef9c31c2ac6cfeba0d7949aec0731919ac2c91c758d7850fd",503980
"boosting_selection_20d_latent_dispersion_n0-5000_n1-5000_transformed-true_seed-048","boosting_selection_20d_latent_dispersion_n0-5000_n1-5000_transformed-true_seed-048.rds","b9fffd88d85bd8f1b43a0466cef17a2ec17f0823db6b991e7c8fc10754e4bbb7",473468
"boosting_selection_20d_latent_dispersion_n0-5000_n1-5000_transformed-true_seed-049","boosting_selection_20d_latent_dispersion_n0-5000_n1-5000_transformed-true_seed-049.rds","33c00234b9bf75720e2b6067e1454032b0408d4857d51ce5b18d4f3a6362562d",500180
"boosting_selection_20d_latent_dispersion_n0-5000_n1-5000_transformed-true_seed-050","boosting_selection_20d_latent_dispersion_n0-5000_n1-5000_transformed-true_seed-050.rds","fbaba1a291ccc1084c0d8e74ab537d75c3b704d8e498c164beacf720decd1c42",488680
"boosting_selection_20d_latent_dispersion_n0-9000_n1-1000_transformed-false_seed-001","boosting_selection_20d_latent_dispersion_n0-9000_n1-1000_transformed-false_seed-001.rds","0dae35b37876ba17e79e9d0b9a76070b46ea0625cdb373e680606fdffe9e4045",439204
"boosting_selection_20d_latent_dispersion_n0-9000_n1-1000_transformed-false_seed-002","boosting_selection_20d_latent_dispersion_n0-9000_n1-1000_transformed-false_seed-002.rds","d6524c5433de624b57cdff5fb26c72e2b8affbdf236f76fb8bd816f0f9f90aab",448736
"boosting_selection_20d_latent_dispersion_n0-9000_n1-1000_transformed-false_seed-003","boosting_selection_20d_latent_dispersion_n0-9000_n1-1000_transformed-false_seed-003.rds","3a3b81cc53b8060671251b9bee7bf84ecff23f7e8b7184f3c36f356448d5ec8a",450752
"boosting_selection_20d_latent_dispersion_n0-9000_n1-1000_transformed-false_seed-004","boosting_selection_20d_latent_dispersion_n0-9000_n1-1000_transformed-false_seed-004.rds","eca6b15de3cdb4d397839e0e1df4ed21ef79561d8fe1b3dc12b6fd3470535271",424712
"boosting_selection_20d_latent_dispersion_n0-9000_n1-1000_transformed-false_seed-005","boosting_selection_20d_latent_dispersion_n0-9000_n1-1000_transformed-false_seed-005.rds","66a6dfd70369cf63d6991ec0b1351ad62b8fa75154ee3c0f70ae5554fcd5840e",433204
"boosting_selection_20d_latent_dispersion_n0-9000_n1-1000_transformed-false_seed-006","boosting_selection_20d_latent_dispersion_n0-9000_n1-1000_transformed-false_seed-006.rds","b7ef0e59bb2303be56609934343b9d51b48cb70c134216acb0d9700d03dc1fe6",451660
"boosting_selection_20d_latent_dispersion_n0-9000_n1-1000_transformed-false_seed-007","boosting_selection_20d_latent_dispersion_n0-9000_n1-1000_transformed-false_seed-007.rds","f6f99bce2631e577c5c91f46187ce51f749bce61f7cd3a4b8ffe02073c0b4245",458832
"boosting_selection_20d_latent_dispersion_n0-9000_n1-1000_transformed-false_seed-008","boosting_selection_20d_latent_dispersion_n0-9000_n1-1000_transformed-false_seed-008.rds","3bf13c53636008e557724651721b1816ffc8ded9317cf79a136b164b75dab308",435512
"boosting_selection_20d_latent_dispersion_n0-9000_n1-1000_transformed-false_seed-009","boosting_selection_20d_latent_dispersion_n0-9000_n1-1000_transformed-false_seed-009.rds","ae92a03e465894d695b281b933fbcb2def33a656135083a3bc2af67fd7cca832",383688
"boosting_selection_20d_latent_dispersion_n0-9000_n1-1000_transformed-false_seed-010","boosting_selection_20d_latent_dispersion_n0-9000_n1-1000_transformed-false_seed-010.rds","09048d62863b107b1c6320cd98ba0dbccc236744346a9abd8d693c8f80d0de4f",410088
"boosting_selection_20d_latent_dispersion_n0-9000_n1-1000_transformed-false_seed-011","boosting_selection_20d_latent_dispersion_n0-9000_n1-1000_transformed-false_seed-011.rds","31d6f56353567b70fb1a9ba7bfb448db439464e6548469ecfd553f4bccbc001f",464164
"boosting_selection_20d_latent_dispersion_n0-9000_n1-1000_transformed-false_seed-012","boosting_selection_20d_latent_dispersion_n0-9000_n1-1000_transformed-false_seed-012.rds","41c15e1b39ccfa916a42fdc01b2ffe73fef3142d8187186d35acd45867d08d02",452712
"boosting_selection_20d_latent_dispersion_n0-9000_n1-1000_transformed-false_seed-013","boosting_selection_20d_latent_dispersion_n0-9000_n1-1000_transformed-false_seed-013.rds","2c1b0c0d3ea76c1f7dc4ad207b92456a1c47ce162f8c35bf56e274af66345612",421824
"boosting_selection_20d_latent_dispersion_n0-9000_n1-1000_transformed-false_seed-014","boosting_selection_20d_latent_dispersion_n0-9000_n1-1000_transformed-false_seed-014.rds","7bc288811416473a29ec16c605a817fbe924673d7cc8603604aaa8f52d0fb991",436308
"boosting_selection_20d_latent_dispersion_n0-9000_n1-1000_transformed-false_seed-015","boosting_selection_20d_latent_dispersion_n0-9000_n1-1000_transformed-false_seed-015.rds","a5538654676be1e1331532582069f99a7fe07dd56eb962f114643f7ba8bff807",475904
"boosting_selection_20d_latent_dispersion_n0-9000_n1-1000_transformed-false_seed-016","boosting_selection_20d_latent_dispersion_n0-9000_n1-1000_transformed-false_seed-016.rds","ca1a55ed34be3c01de22479dbdbe4245c013fa6517205cf9cc21d44b3ccf12e5",464768
"boosting_selection_20d_latent_dispersion_n0-9000_n1-1000_transformed-false_seed-017","boosting_selection_20d_latent_dispersion_n0-9000_n1-1000_transformed-false_seed-017.rds","770f1dac6357d74e6d2d16e3047a21c46264f39e322e0f73d2c30c9a1dca1fa0",472864
"boosting_selection_20d_latent_dispersion_n0-9000_n1-1000_transformed-false_seed-018","boosting_selection_20d_latent_dispersion_n0-9000_n1-1000_transformed-false_seed-018.rds","14369d1addf0a9846478008331837c11908e1fcf4e31297a3308712b61d0e4d3",446812
"boosting_selection_20d_latent_dispersion_n0-9000_n1-1000_transformed-false_seed-019","boosting_selection_20d_latent_dispersion_n0-9000_n1-1000_transformed-false_seed-019.rds","ee97c65c6f6717ebe7bd326f295e1d66482b678fb75d75a666e8cca2f1b1c43a",493672
"boosting_selection_20d_latent_dispersion_n0-9000_n1-1000_transformed-false_seed-020","boosting_selection_20d_latent_dispersion_n0-9000_n1-1000_transformed-false_seed-020.rds","e958b7b33108f74e1ef2912586988d5ce4254201601837f580db26d57235cb45",405472
"boosting_selection_20d_latent_dispersion_n0-9000_n1-1000_transformed-false_seed-021","boosting_selection_20d_latent_dispersion_n0-9000_n1-1000_transformed-false_seed-021.rds","cf253f94a7ea853d021209fc4939d55b5a07ba56d9a8cf0ea944be5da3094e2f",419252
"boosting_selection_20d_latent_dispersion_n0-9000_n1-1000_transformed-false_seed-022","boosting_selection_20d_latent_dispersion_n0-9000_n1-1000_transformed-false_seed-022.rds","0081630e38ebc1108a05744ea7e7404631c4c9df5bafc9d6fee38d06ae855282",432580
"boosting_selection_20d_latent_dispersion_n0-9000_n1-1000_transformed-false_seed-023","boosting_selection_20d_latent_dispersion_n0-9000_n1-1000_transformed-false_seed-023.rds","876d5a67e301b36577276470590e5a61b6dec264cb4d8927adae23b8372fa781",424764
"boosting_selection_20d_latent_dispersion_n0-9000_n1-1000_transformed-false_seed-024","boosting_selection_20d_latent_dispersion_n0-9000_n1-1000_transformed-false_seed-024.rds","da21f17cd1312a08207dd9da91d29cdebdad2cdab12ae8f79436dca95fdc4ac2",434352
"boosting_selection_20d_latent_dispersion_n0-9000_n1-1000_transformed-false_seed-025","boosting_selection_20d_latent_dispersion_n0-9000_n1-1000_transformed-false_seed-025.rds","322ddce68c2c6a009bf64de91ec4c373539b68d86baed8f5eec94f4c1b9de4b2",423724
"boosting_selection_20d_latent_dispersion_n0-9000_n1-1000_transformed-false_seed-026","boosting_selection_20d_latent_dispersion_n0-9000_n1-1000_transformed-false_seed-026.rds","a8c8fc87679f3014d44c1897eb636bcdc62f201b85a1144a42e185dd139acf2e",454372
"boosting_selection_20d_latent_dispersion_n0-9000_n1-1000_transformed-false_seed-027","boosting_selection_20d_latent_dispersion_n0-9000_n1-1000_transformed-false_seed-027.rds","64495b749b5a96f159cadf9d120f3df7123ce865d93f7a292c48e2e82d41de31",431276
"boosting_selection_20d_latent_dispersion_n0-9000_n1-1000_transformed-false_seed-028","boosting_selection_20d_latent_dispersion_n0-9000_n1-1000_transformed-false_seed-028.rds","921f1dff421c3a783f5662648d345a3cba46e5704c660764ff1ad422134fa0df",447592
"boosting_selection_20d_latent_dispersion_n0-9000_n1-1000_transformed-false_seed-029","boosting_selection_20d_latent_dispersion_n0-9000_n1-1000_transformed-false_seed-029.rds","98ed47c9e6cdb89ac90004722dd4687ff85c97238ea1598c5c5771b8ea8cb8fb",462872
"boosting_selection_20d_latent_dispersion_n0-9000_n1-1000_transformed-false_seed-030","boosting_selection_20d_latent_dispersion_n0-9000_n1-1000_transformed-false_seed-030.rds","afa0e68fde45817f7e53fc806d6a57d05e521e0ba0a3fc2984ca30eeaf72e163",437780
"boosting_selection_20d_latent_dispersion_n0-9000_n1-1000_transformed-false_seed-031","boosting_selection_20d_latent_dispersion_n0-9000_n1-1000_transformed-false_seed-031.rds","2a36445172ac23f0d9fc31586e293b5e221a15dcc0f249852467176cccc24a6c",499872
"boosting_selection_20d_latent_dispersion_n0-9000_n1-1000_transformed-false_seed-032","boosting_selection_20d_latent_dispersion_n0-9000_n1-1000_transformed-false_seed-032.rds","a58c5ef30c3d151e551fdb2640f004e4d528d114121a2e85a957ddc186fab842",454504
"boosting_selection_20d_latent_dispersion_n0-9000_n1-1000_transformed-false_seed-033","boosting_selection_20d_latent_dispersion_n0-9000_n1-1000_transformed-false_seed-033.rds","a312bda2f4edaea9f79beeda7db74a65ac236fd8f99d12cf318f785b980a4401",439972
"boosting_selection_20d_latent_dispersion_n0-9000_n1-1000_transformed-false_seed-034","boosting_selection_20d_latent_dispersion_n0-9000_n1-1000_transformed-false_seed-034.rds","04aca9dbf2d3ebd08d06e34cab4d01f8dc839dfeef785f3a01c440aac51b6ec0",473708
"boosting_selection_20d_latent_dispersion_n0-9000_n1-1000_transformed-false_seed-035","boosting_selection_20d_latent_dispersion_n0-9000_n1-1000_transformed-false_seed-035.rds","6cf142cb4cf0280aecbf13029170eab11081e4788f967f29ef8426588ef7fab7",443132
"boosting_selection_20d_latent_dispersion_n0-9000_n1-1000_transformed-false_seed-036","boosting_selection_20d_latent_dispersion_n0-9000_n1-1000_transformed-false_seed-036.rds","b1f1c5a4fa1614a2a1e7d3433b5c4fdfff5b4d319a3b94746f9b03fef894965a",444508
"boosting_selection_20d_latent_dispersion_n0-9000_n1-1000_transformed-false_seed-037","boosting_selection_20d_latent_dispersion_n0-9000_n1-1000_transformed-false_seed-037.rds","4711657bf81267999b374d1ea37f39bb57a9a4f9e40d83d22b04f41dcab46804",459220
"boosting_selection_20d_latent_dispersion_n0-9000_n1-1000_transformed-false_seed-038","boosting_selection_20d_latent_dispersion_n0-9000_n1-1000_transformed-false_seed-038.rds","fb4f0adc4e6086a0f7a67e1c5ce708615e3aba18bf48bff258179ff0a52601a2",456148
"boosting_selection_20d_latent_dispersion_n0-9000_n1-1000_transformed-false_seed-039","boosting_selection_20d_latent_dispersion_n0-9000_n1-1000_transformed-false_seed-039.rds","463ad1f0ec65bec7a95699fe12604c7ef91fab744e23871cf5d2047dea2b2eff",445024
"boosting_selection_20d_latent_dispersion_n0-9000_n1-1000_transformed-false_seed-040","boosting_selection_20d_latent_dispersion_n0-9000_n1-1000_transformed-false_seed-040.rds","6bd3a925680a893fbf48a5b5809edded038133096f6fdfd83ffdeca21d1cf11b",475104
"boosting_selection_20d_latent_dispersion_n0-9000_n1-1000_transformed-false_seed-041","boosting_selection_20d_latent_dispersion_n0-9000_n1-1000_transformed-false_seed-041.rds","c23fb720fa92487e64c73494964ec7699336ae82bdd906ffb72f9a5068cfe6e8",416324
"boosting_selection_20d_latent_dispersion_n0-9000_n1-1000_transformed-false_seed-042","boosting_selection_20d_latent_dispersion_n0-9000_n1-1000_transformed-false_seed-042.rds","57a1dead37fbabcde3d8a5a969e08ffc19ebaa72e8962e0c31276931be986460",436676
"boosting_selection_20d_latent_dispersion_n0-9000_n1-1000_transformed-false_seed-043","boosting_selection_20d_latent_dispersion_n0-9000_n1-1000_transformed-false_seed-043.rds","9ab42e3a55faef98df6a7faa44190770353bed75e6b2cf1a41fb6b1cf9431cd6",486172
"boosting_selection_20d_latent_dispersion_n0-9000_n1-1000_transformed-false_seed-044","boosting_selection_20d_latent_dispersion_n0-9000_n1-1000_transformed-false_seed-044.rds","a666f7d7dfd63c71d1942c63fdb4f1137fc6444256492351576b4829af7f41bd",431104
"boosting_selection_20d_latent_dispersion_n0-9000_n1-1000_transformed-false_seed-045","boosting_selection_20d_latent_dispersion_n0-9000_n1-1000_transformed-false_seed-045.rds","6aeceeef3a36937f087235f3471012f8f5b4794ce86b0190f77963d9a615b96f",444808
"boosting_selection_20d_latent_dispersion_n0-9000_n1-1000_transformed-false_seed-046","boosting_selection_20d_latent_dispersion_n0-9000_n1-1000_transformed-false_seed-046.rds","3a74bac3c8705879c357187c14f7127536e381d28f73d826b2d7ad9a649e695d",409060
"boosting_selection_20d_latent_dispersion_n0-9000_n1-1000_transformed-false_seed-047","boosting_selection_20d_latent_dispersion_n0-9000_n1-1000_transformed-false_seed-047.rds","3d3e8319941e1eaceac304dd1b808dac2794fb8080aec321e7b9da9f0396aab7",414292
"boosting_selection_20d_latent_dispersion_n0-9000_n1-1000_transformed-false_seed-048","boosting_selection_20d_latent_dispersion_n0-9000_n1-1000_transformed-false_seed-048.rds","5f6eacd64aab11b60c867c19d3301ef06e502e567f5cdeab25f3183fd343b472",365848
"boosting_selection_20d_latent_dispersion_n0-9000_n1-1000_transformed-false_seed-049","boosting_selection_20d_latent_dispersion_n0-9000_n1-1000_transformed-false_seed-049.rds","0f160eeb2016c9ba9d315d503287faad5751d9c3f35a61383c271fac3e65e91b",469148
"boosting_selection_20d_latent_dispersion_n0-9000_n1-1000_transformed-false_seed-050","boosting_selection_20d_latent_dispersion_n0-9000_n1-1000_transformed-false_seed-050.rds","b8088094360e03f7f0d30c171d99074cea00296b4270297b1175c5a224ab3820",430696
"boosting_selection_20d_latent_dispersion_n0-9000_n1-1000_transformed-true_seed-001","boosting_selection_20d_latent_dispersion_n0-9000_n1-1000_transformed-true_seed-001.rds","7ee83bfc5a97838f1c705e5cd30d08554d480e23f54d32712be334fcc887a9bc",420484
"boosting_selection_20d_latent_dispersion_n0-9000_n1-1000_transformed-true_seed-002","boosting_selection_20d_latent_dispersion_n0-9000_n1-1000_transformed-true_seed-002.rds","6e47a290a8471779e788906ea32b4fdc19440744a4c5fc967ba2dae26f662fe8",404252
"boosting_selection_20d_latent_dispersion_n0-9000_n1-1000_transformed-true_seed-003","boosting_selection_20d_latent_dispersion_n0-9000_n1-1000_transformed-true_seed-003.rds","90e2168fac9f4b1fc5871a1188cc4233546eb2f23b699d0eed63ee19f165a0cd",466040
"boosting_selection_20d_latent_dispersion_n0-9000_n1-1000_transformed-true_seed-004","boosting_selection_20d_latent_dispersion_n0-9000_n1-1000_transformed-true_seed-004.rds","f8f8c9eed2d8b284d4aa64973429cfed071777bb198371aff99a6ab3ccfccefa",429260
"boosting_selection_20d_latent_dispersion_n0-9000_n1-1000_transformed-true_seed-005","boosting_selection_20d_latent_dispersion_n0-9000_n1-1000_transformed-true_seed-005.rds","eab23b78bdc9b66aee971ad7586616e4392db33e38bdd07260867bdace1191a6",431360
"boosting_selection_20d_latent_dispersion_n0-9000_n1-1000_transformed-true_seed-006","boosting_selection_20d_latent_dispersion_n0-9000_n1-1000_transformed-true_seed-006.rds","0f5886fbf0ef16aceff95a5d2657f1a633875a32e77bc4ca7687f623b99bef6c",420376
"boosting_selection_20d_latent_dispersion_n0-9000_n1-1000_transformed-true_seed-007","boosting_selection_20d_latent_dispersion_n0-9000_n1-1000_transformed-true_seed-007.rds","5efd5f54abf473a1854b894ea971a244f9d17b44784713b3648144b37e8d3a6c",444284
"boosting_selection_20d_latent_dispersion_n0-9000_n1-1000_transformed-true_seed-008","boosting_selection_20d_latent_dispersion_n0-9000_n1-1000_transformed-true_seed-008.rds","f063612ec1e1e9b0db7d89ba3a9d536273b6c7c46d46d1b791d046a87ac1dcba",416540
"boosting_selection_20d_latent_dispersion_n0-9000_n1-1000_transformed-true_seed-009","boosting_selection_20d_latent_dispersion_n0-9000_n1-1000_transformed-true_seed-009.rds","70e7e2fb0c299dfd4d5aa8e42717de714cbcacf8734c5c866de11e9660ac9953",397060
"boosting_selection_20d_latent_dispersion_n0-9000_n1-1000_transformed-true_seed-010","boosting_selection_20d_latent_dispersion_n0-9000_n1-1000_transformed-true_seed-010.rds","08e421fc3eac6476fac908929a629762c5f190a805b5b2d368830f79a36835b9",391592
"boosting_selection_20d_latent_dispersion_n0-9000_n1-1000_transformed-true_seed-011","boosting_selection_20d_latent_dispersion_n0-9000_n1-1000_transformed-true_seed-011.rds","750ff0b4147629792505e975c4b48688f05e24dd3b3b7f2c42a86fee50266706",441580
"boosting_selection_20d_latent_dispersion_n0-9000_n1-1000_transformed-true_seed-012","boosting_selection_20d_latent_dispersion_n0-9000_n1-1000_transformed-true_seed-012.rds","5f0c87e8b1c9cf6969a18206613d20fdd65f456354a9b3a7b0d79985b67e991a",478352
"boosting_selection_20d_latent_dispersion_n0-9000_n1-1000_transformed-true_seed-013","boosting_selection_20d_latent_dispersion_n0-9000_n1-1000_transformed-true_seed-013.rds","00c00486fbe410b6a9260b65e3d98a57d17cb7a70dcf2ff4dd1db694b1da9565",386220
"boosting_selection_20d_latent_dispersion_n0-9000_n1-1000_transformed-true_seed-014","boosting_selection_20d_latent_dispersion_n0-9000_n1-1000_transformed-true_seed-014.rds","6233994ddf5744faf865365f68d546a99b1d76e84e5232e5a69edf48f5496ad3",440116
"boosting_selection_20d_latent_dispersion_n0-9000_n1-1000_transformed-true_seed-015","boosting_selection_20d_latent_dispersion_n0-9000_n1-1000_transformed-true_seed-015.rds","c4bbe3b8d3f1cfbc04890cc8a965a9f622e6dbbabc983f2faf7a5467b7445a5d",457164
"boosting_selection_20d_latent_dispersion_n0-9000_n1-1000_transformed-true_seed-016","boosting_selection_20d_latent_dispersion_n0-9000_n1-1000_transformed-true_seed-016.rds","0e317ed15d107204f0dbe7a51098077eace0f04b6e8cf2f092d2cdb76050b95c",467704
"boosting_selection_20d_latent_dispersion_n0-9000_n1-1000_transformed-true_seed-017","boosting_selection_20d_latent_dispersion_n0-9000_n1-1000_transformed-true_seed-017.rds","3ead4b326cf9daaec1175ffbc5d78076bdb12a59d9615b15b9ccab814759ed3c",481120
"boosting_selection_20d_latent_dispersion_n0-9000_n1-1000_transformed-true_seed-018","boosting_selection_20d_latent_dispersion_n0-9000_n1-1000_transformed-true_seed-018.rds","e55cb189b4570322cc4ce7dbfbd31ec045a48a7d602f7852a170b43fca3ca6a7",433364
"boosting_selection_20d_latent_dispersion_n0-9000_n1-1000_transformed-true_seed-019","boosting_selection_20d_latent_dispersion_n0-9000_n1-1000_transformed-true_seed-019.rds","1cf52be71327e94951732bb6f63938edaa3335eecb9f0c8faa4a8d5e6c2505e3",480476
"boosting_selection_20d_latent_dispersion_n0-9000_n1-1000_transformed-true_seed-020","boosting_selection_20d_latent_dispersion_n0-9000_n1-1000_transformed-true_seed-020.rds","0edb4ce4622bac3a0e4912859b59d00a980e2585ec5b730232ecb0333289883e",396112
"boosting_selection_20d_latent_dispersion_n0-9000_n1-1000_transformed-true_seed-021","boosting_selection_20d_latent_dispersion_n0-9000_n1-1000_transformed-true_seed-021.rds","49a477d566571e2c3ff5976d9e1f0f85b1c0d8f81a559cb7595f8110437f83b2",390928
"boosting_selection_20d_latent_dispersion_n0-9000_n1-1000_transformed-true_seed-022","boosting_selection_20d_latent_dispersion_n0-9000_n1-1000_transformed-true_seed-022.rds","691aa3e1062f0777b0a54f97b1adf12db754860b8822766d8fef1757f9a9f86b",447032
"boosting_selection_20d_latent_dispersion_n0-9000_n1-1000_transformed-true_seed-023","boosting_selection_20d_latent_dispersion_n0-9000_n1-1000_transformed-true_seed-023.rds","b6073b789beb03a1159bcbfe2da3fdd43b1ac1112a788fd8e5452d83099055f7",419160
"boosting_selection_20d_latent_dispersion_n0-9000_n1-1000_transformed-true_seed-024","boosting_selection_20d_latent_dispersion_n0-9000_n1-1000_transformed-true_seed-024.rds","7d3966d31645b3f98f6c861f22724bfd9a5246bf6c2bb7908f36f9556fe3e375",418388
"boosting_selection_20d_latent_dispersion_n0-9000_n1-1000_transformed-true_seed-025","boosting_selection_20d_latent_dispersion_n0-9000_n1-1000_transformed-true_seed-025.rds","62f562ab04f46d9db196adfb6a76d9f761d82130bc075c9d5073181852b8ab8e",441872
"boosting_selection_20d_latent_dispersion_n0-9000_n1-1000_transformed-true_seed-026","boosting_selection_20d_latent_dispersion_n0-9000_n1-1000_transformed-true_seed-026.rds","6b6eb31dd96c8d985eaf78a7f18a08e45fdc8ab1c7ba09f9ae9260e71ceb32fd",428284
"boosting_selection_20d_latent_dispersion_n0-9000_n1-1000_transformed-true_seed-027","boosting_selection_20d_latent_dispersion_n0-9000_n1-1000_transformed-true_seed-027.rds","341302f9d31c33ccd51ef384590e6cc48b3a7507661a207fe6968cff6bd29848",442484
"boosting_selection_20d_latent_dispersion_n0-9000_n1-1000_transformed-true_seed-028","boosting_selection_20d_latent_dispersion_n0-9000_n1-1000_transformed-true_seed-028.rds","21dce0dfbb535f05e2889faaeb3d50a1081ff396b3d47579e655233e6393e9b6",434300
"boosting_selection_20d_latent_dispersion_n0-9000_n1-1000_transformed-true_seed-029","boosting_selection_20d_latent_dispersion_n0-9000_n1-1000_transformed-true_seed-029.rds","24fe20d77f0e12a81237e87c128392869a0014b3cc3afd9cc6f94cc844ebafbc",471372
"boosting_selection_20d_latent_dispersion_n0-9000_n1-1000_transformed-true_seed-030","boosting_selection_20d_latent_dispersion_n0-9000_n1-1000_transformed-true_seed-030.rds","5a1b38838c1e4e1ff07781dff86c6b4086eb15217d99b49ac7ac7be91e61c5b3",413724
"boosting_selection_20d_latent_dispersion_n0-9000_n1-1000_transformed-true_seed-031","boosting_selection_20d_latent_dispersion_n0-9000_n1-1000_transformed-true_seed-031.rds","4f9afdbb4fd5812437f77b84b28258a1c60f8298559cb4b846780861f97bf999",477528
"boosting_selection_20d_latent_dispersion_n0-9000_n1-1000_transformed-true_seed-032","boosting_selection_20d_latent_dispersion_n0-9000_n1-1000_transformed-true_seed-032.rds","147f66c5e4b5627b583911f2700de141b42b1a2d1ea77dddf73106f579afdf7a",431184
"boosting_selection_20d_latent_dispersion_n0-9000_n1-1000_transformed-true_seed-033","boosting_selection_20d_latent_dispersion_n0-9000_n1-1000_transformed-true_seed-033.rds","342a263d409691eafc869d888bd91dcb0f11b6c52834350294f6a53e75c1f027",429248
"boosting_selection_20d_latent_dispersion_n0-9000_n1-1000_transformed-true_seed-034","boosting_selection_20d_latent_dispersion_n0-9000_n1-1000_transformed-true_seed-034.rds","2f86df588e7370d4800287aae609d0283adb5fd5e28b925c048defd57036ebae",442600
"boosting_selection_20d_latent_dispersion_n0-9000_n1-1000_transformed-true_seed-035","boosting_selection_20d_latent_dispersion_n0-9000_n1-1000_transformed-true_seed-035.rds","293fd31bb71b4629f6bb34f23d66a7f5c4a53eda739fff8aa6e05e75efdaf1e5",436524
"boosting_selection_20d_latent_dispersion_n0-9000_n1-1000_transformed-true_seed-036","boosting_selection_20d_latent_dispersion_n0-9000_n1-1000_transformed-true_seed-036.rds","3a91616fba593f83793b1c3aa6564b813e98b36ba91605973d281e3ad3b0df81",448068
"boosting_selection_20d_latent_dispersion_n0-9000_n1-1000_transformed-true_seed-037","boosting_selection_20d_latent_dispersion_n0-9000_n1-1000_transformed-true_seed-037.rds","8e338205c87d951385ff0ad806d21789cbca6d9c79d4075caa8171858ad662f2",452584
"boosting_selection_20d_latent_dispersion_n0-9000_n1-1000_transformed-true_seed-038","boosting_selection_20d_latent_dispersion_n0-9000_n1-1000_transformed-true_seed-038.rds","49a28b5f19d49cb26ce034aef14283a480bb78af3e28ead6a6d80a59f9d0b4ba",454432
"boosting_selection_20d_latent_dispersion_n0-9000_n1-1000_transformed-true_seed-039","boosting_selection_20d_latent_dispersion_n0-9000_n1-1000_transformed-true_seed-039.rds","bb79f4b810359b0117ba132369cf1d7401eb4c4c23716221b97700bc296adfa4",452912
"boosting_selection_20d_latent_dispersion_n0-9000_n1-1000_transformed-true_seed-040","boosting_selection_20d_latent_dispersion_n0-9000_n1-1000_transformed-true_seed-040.rds","61f6d3d37b523a8478a2fae6fd129c0f84ac4abef97941c1a44d124113898bc0",459576
"boosting_selection_20d_latent_dispersion_n0-9000_n1-1000_transformed-true_seed-041","boosting_selection_20d_latent_dispersion_n0-9000_n1-1000_transformed-true_seed-041.rds","b051032db33971f03a0f9ff581b14dd9d3817d26020681da987021c96c37b484",405580
"boosting_selection_20d_latent_dispersion_n0-9000_n1-1000_transformed-true_seed-042","boosting_selection_20d_latent_dispersion_n0-9000_n1-1000_transformed-true_seed-042.rds","37f7d0b6ca338030b9ea0bd83a990b4fbc821a91830058d638678ed8e8cddfef",420472
"boosting_selection_20d_latent_dispersion_n0-9000_n1-1000_transformed-true_seed-043","boosting_selection_20d_latent_dispersion_n0-9000_n1-1000_transformed-true_seed-043.rds","345b2b58ee413ab6fb54f509276406c6e3aa46e2d1d2a9732b689d5fdfce58cc",483052
"boosting_selection_20d_latent_dispersion_n0-9000_n1-1000_transformed-true_seed-044","boosting_selection_20d_latent_dispersion_n0-9000_n1-1000_transformed-true_seed-044.rds","0a627a0646d6fb47e4ad7123e6ca69ad2c88f72f3804b0c91aeb9eab5b3a4d9e",440172
"boosting_selection_20d_latent_dispersion_n0-9000_n1-1000_transformed-true_seed-045","boosting_selection_20d_latent_dispersion_n0-9000_n1-1000_transformed-true_seed-045.rds","80d0dfe41ff55c96e975b1cee5e715aeeb222d5bbc3f184726c5d18300f6ec31",399040
"boosting_selection_20d_latent_dispersion_n0-9000_n1-1000_transformed-true_seed-046","boosting_selection_20d_latent_dispersion_n0-9000_n1-1000_transformed-true_seed-046.rds","58f01735b7b688b22e321aa0dbc86fb8cb7bc03eb7766133309a89301616108d",386168
"boosting_selection_20d_latent_dispersion_n0-9000_n1-1000_transformed-true_seed-047","boosting_selection_20d_latent_dispersion_n0-9000_n1-1000_transformed-true_seed-047.rds","62982832abb583ffbac5a4a6a3bb8c218e3cc951e085f5fa489691897b320e56",420144
"boosting_selection_20d_latent_dispersion_n0-9000_n1-1000_transformed-true_seed-048","boosting_selection_20d_latent_dispersion_n0-9000_n1-1000_transformed-true_seed-048.rds","b535b30a5337dd021c42701e7a051d7409c57d071a32ce50806404732b94d7d0",390220
"boosting_selection_20d_latent_dispersion_n0-9000_n1-1000_transformed-true_seed-049","boosting_selection_20d_latent_dispersion_n0-9000_n1-1000_transformed-true_seed-049.rds","fac9e8dfb3165d7a61b313871216e623cce6bd76d4bd4966ad2f3c8c9f67b5d1",461032
"boosting_selection_20d_latent_dispersion_n0-9000_n1-1000_transformed-true_seed-050","boosting_selection_20d_latent_dispersion_n0-9000_n1-1000_transformed-true_seed-050.rds","5ba29e88d752eb983afb28abeadbae13a3114682feaa0aa797fd4eb26812ecf0",404016
"boosting_selection_20d_latent_location_shift_n0-5000_n1-5000_transformed-false_seed-001","boosting_selection_20d_latent_location_shift_n0-5000_n1-5000_transformed-false_seed-001.rds","203728a175bb18c3c2e45395672fe2193baf83f59f8e392dce4ee14208eed1d3",507972
"boosting_selection_20d_latent_location_shift_n0-5000_n1-5000_transformed-false_seed-002","boosting_selection_20d_latent_location_shift_n0-5000_n1-5000_transformed-false_seed-002.rds","58a5c2a3608f732c8646c213bdc18397b733034c77ddc5fbe3c284e3a2a46209",504280
"boosting_selection_20d_latent_location_shift_n0-5000_n1-5000_transformed-false_seed-003","boosting_selection_20d_latent_location_shift_n0-5000_n1-5000_transformed-false_seed-003.rds","8c91a3bee13406beb71546eb9fdb9161a40f9a7afd80709b57d133da2bfdb6b8",508632
"boosting_selection_20d_latent_location_shift_n0-5000_n1-5000_transformed-false_seed-004","boosting_selection_20d_latent_location_shift_n0-5000_n1-5000_transformed-false_seed-004.rds","a1f37a4ed783c32c5bfaa3332f7d2bbe8a4de805c4e06f6af4324f5445612c8a",512472
"boosting_selection_20d_latent_location_shift_n0-5000_n1-5000_transformed-false_seed-005","boosting_selection_20d_latent_location_shift_n0-5000_n1-5000_transformed-false_seed-005.rds","1f9e18cd3a2302e69a345458a49e7d554a79dd3e77c334d4401c6ff7ac7b2be5",508928
"boosting_selection_20d_latent_location_shift_n0-5000_n1-5000_transformed-false_seed-006","boosting_selection_20d_latent_location_shift_n0-5000_n1-5000_transformed-false_seed-006.rds","56e4cb80a961b415f87d1db20d35464b62bff3c7f79acb247337480429281ffb",500836
"boosting_selection_20d_latent_location_shift_n0-5000_n1-5000_transformed-false_seed-007","boosting_selection_20d_latent_location_shift_n0-5000_n1-5000_transformed-false_seed-007.rds","2edb053fa77fed38cfa00d7b55b15ac55fc8376eac43caaf949e94c934b08e4d",513164
"boosting_selection_20d_latent_location_shift_n0-5000_n1-5000_transformed-false_seed-008","boosting_selection_20d_latent_location_shift_n0-5000_n1-5000_transformed-false_seed-008.rds","3898a892f46ee4beba49be3f41f3967c3033b381406eef4c0ba7a176de0e6c43",511752
"boosting_selection_20d_latent_location_shift_n0-5000_n1-5000_transformed-false_seed-009","boosting_selection_20d_latent_location_shift_n0-5000_n1-5000_transformed-false_seed-009.rds","4183432fc55c6b6d1c314afb22171912a4c1ccf41f852535d9cfbfaad29d036e",516756
"boosting_selection_20d_latent_location_shift_n0-5000_n1-5000_transformed-false_seed-010","boosting_selection_20d_latent_location_shift_n0-5000_n1-5000_transformed-false_seed-010.rds","56ac2fa186038dc99f55252e2559c0c126ce671fa535b02dd5c80c205644a18d",489116
"boosting_selection_20d_latent_location_shift_n0-5000_n1-5000_transformed-false_seed-011","boosting_selection_20d_latent_location_shift_n0-5000_n1-5000_transformed-false_seed-011.rds","cc25ab8de3745e3b9c289f1b9a45ed0c981d4cd909be4dffdbb6f7a805076411",511580
"boosting_selection_20d_latent_location_shift_n0-5000_n1-5000_transformed-false_seed-012","boosting_selection_20d_latent_location_shift_n0-5000_n1-5000_transformed-false_seed-012.rds","67a22d8026e33e9245f374d5538fb72bfd834737d88b00a9d00b0075c25f3398",519032
"boosting_selection_20d_latent_location_shift_n0-5000_n1-5000_transformed-false_seed-013","boosting_selection_20d_latent_location_shift_n0-5000_n1-5000_transformed-false_seed-013.rds","1cf66847a4983ab793a937c2bd62fb9b9d07e54bb25b40a35979e4d23b6ad3b9",521032
"boosting_selection_20d_latent_location_shift_n0-5000_n1-5000_transformed-false_seed-014","boosting_selection_20d_latent_location_shift_n0-5000_n1-5000_transformed-false_seed-014.rds","3113d797320ec93509cdba2fdfb9ae639f04a8ac1ddcf2a0a43b898137019d64",512404
"boosting_selection_20d_latent_location_shift_n0-5000_n1-5000_transformed-false_seed-015","boosting_selection_20d_latent_location_shift_n0-5000_n1-5000_transformed-false_seed-015.rds","75d5879ed23e49a033fc6aa028f3cf49ffbd9a460a096fc8bddae8c23213d059",505036
"boosting_selection_20d_latent_location_shift_n0-5000_n1-5000_transformed-false_seed-016","boosting_selection_20d_latent_location_shift_n0-5000_n1-5000_transformed-false_seed-016.rds","c5bd438b2f395b387d3156875bcb74dcc3a7c0d9ca2d457dd30a68b68acf4365",484364
"boosting_selection_20d_latent_location_shift_n0-5000_n1-5000_transformed-false_seed-017","boosting_selection_20d_latent_location_shift_n0-5000_n1-5000_transformed-false_seed-017.rds","4560720ffc420f86ee7d67f50bb22ad8c7d72525443b8c2049ee39d1c1775832",507520
"boosting_selection_20d_latent_location_shift_n0-5000_n1-5000_transformed-false_seed-018","boosting_selection_20d_latent_location_shift_n0-5000_n1-5000_transformed-false_seed-018.rds","a8c6af49bcd74e5d8d69ece8e60b9fe74c1d6807408706f4444c2dd7285d722a",517140
"boosting_selection_20d_latent_location_shift_n0-5000_n1-5000_transformed-false_seed-019","boosting_selection_20d_latent_location_shift_n0-5000_n1-5000_transformed-false_seed-019.rds","66b1cec47e1b10daee3fb6858109a5f902fe8c838bf7edb9c8d7ba92d8145d7d",512836
"boosting_selection_20d_latent_location_shift_n0-5000_n1-5000_transformed-false_seed-020","boosting_selection_20d_latent_location_shift_n0-5000_n1-5000_transformed-false_seed-020.rds","0b5c5d9edc48207a8d14d55cff10ca1300693ad7a599d3e94641092d37e910a3",503860
"boosting_selection_20d_latent_location_shift_n0-5000_n1-5000_transformed-false_seed-021","boosting_selection_20d_latent_location_shift_n0-5000_n1-5000_transformed-false_seed-021.rds","3c125fdd6a07177c9558e9df589268485621a81b0d724c796b8a7a8b3cbf1b0a",515064
"boosting_selection_20d_latent_location_shift_n0-5000_n1-5000_transformed-false_seed-022","boosting_selection_20d_latent_location_shift_n0-5000_n1-5000_transformed-false_seed-022.rds","1d9db075d8b1ada2aab08d02e891b6f72fd51e7744fc020282743c66334645b8",511796
"boosting_selection_20d_latent_location_shift_n0-5000_n1-5000_transformed-false_seed-023","boosting_selection_20d_latent_location_shift_n0-5000_n1-5000_transformed-false_seed-023.rds","a905f850913443f4610c71fd6ea24cd6924bc24cff57aa717b907eaaccc3ed76",517672
"boosting_selection_20d_latent_location_shift_n0-5000_n1-5000_transformed-false_seed-024","boosting_selection_20d_latent_location_shift_n0-5000_n1-5000_transformed-false_seed-024.rds","5f769bca2cc48e37e4246dca3630eca936b5d0fe2913b9175a0f7d959395d851",513788
"boosting_selection_20d_latent_location_shift_n0-5000_n1-5000_transformed-false_seed-025","boosting_selection_20d_latent_location_shift_n0-5000_n1-5000_transformed-false_seed-025.rds","d489dcee6650b5643c620d623baa876f2baec882b2c17c787231b6f9d443b9c7",499388
"boosting_selection_20d_latent_location_shift_n0-5000_n1-5000_transformed-false_seed-026","boosting_selection_20d_latent_location_shift_n0-5000_n1-5000_transformed-false_seed-026.rds","96c836b818f16d4de61b973ce74080f090bd5f66dbb3a6cbb04b7a282da68b2e",507720
"boosting_selection_20d_latent_location_shift_n0-5000_n1-5000_transformed-false_seed-027","boosting_selection_20d_latent_location_shift_n0-5000_n1-5000_transformed-false_seed-027.rds","2931330faeec3bb2758c9f6a143ae83189cfbfd6d0996327e47351b63eff92ec",507744
"boosting_selection_20d_latent_location_shift_n0-5000_n1-5000_transformed-false_seed-028","boosting_selection_20d_latent_location_shift_n0-5000_n1-5000_transformed-false_seed-028.rds","192027d6b1d63751fe49c41db33ea8e734ef4922561609d4eced6064fb69cb4d",515704
"boosting_selection_20d_latent_location_shift_n0-5000_n1-5000_transformed-false_seed-029","boosting_selection_20d_latent_location_shift_n0-5000_n1-5000_transformed-false_seed-029.rds","44b21d16ce3196fcdb31cf18c18595a2eb0e755719596296898f89c0a3c0df2e",516732
"boosting_selection_20d_latent_location_shift_n0-5000_n1-5000_transformed-false_seed-030","boosting_selection_20d_latent_location_shift_n0-5000_n1-5000_transformed-false_seed-030.rds","1de1cd852d2c4e3c9a46133330cf5e3ec62859499f2060ff03a0d62159ae0039",518032
"boosting_selection_20d_latent_location_shift_n0-5000_n1-5000_transformed-false_seed-031","boosting_selection_20d_latent_location_shift_n0-5000_n1-5000_transformed-false_seed-031.rds","cb16d238807cddb2fdfbf12eb149ed31ed51b394037a0520d08b62d24eac2f1f",519992
"boosting_selection_20d_latent_location_shift_n0-5000_n1-5000_transformed-false_seed-032","boosting_selection_20d_latent_location_shift_n0-5000_n1-5000_transformed-false_seed-032.rds","79687ef10475b1cf530b2f6cae0c3009b293a6e6fed45497a87e0ac30bd3922a",517808
"boosting_selection_20d_latent_location_shift_n0-5000_n1-5000_transformed-false_seed-033","boosting_selection_20d_latent_location_shift_n0-5000_n1-5000_transformed-false_seed-033.rds","ab257d862e78bb18e57fe07fa516d08a5a4869d99cfd76df0a96aa50db979463",504360
"boosting_selection_20d_latent_location_shift_n0-5000_n1-5000_transformed-false_seed-034","boosting_selection_20d_latent_location_shift_n0-5000_n1-5000_transformed-false_seed-034.rds","c02e762e58c07524e008387dad08040fe14c7493844972d804dc9b7b206899d0",512960
"boosting_selection_20d_latent_location_shift_n0-5000_n1-5000_transformed-false_seed-035","boosting_selection_20d_latent_location_shift_n0-5000_n1-5000_transformed-false_seed-035.rds","8db407e74fd8a63ce6dd6b1764ed4609d62a322cc07d47e20d73edc7f990440c",501412
"boosting_selection_20d_latent_location_shift_n0-5000_n1-5000_transformed-false_seed-036","boosting_selection_20d_latent_location_shift_n0-5000_n1-5000_transformed-false_seed-036.rds","6a39372ee9268c0b691b61a7a8dd404315c2638fe98327214ec548219222c725",501984
"boosting_selection_20d_latent_location_shift_n0-5000_n1-5000_transformed-false_seed-037","boosting_selection_20d_latent_location_shift_n0-5000_n1-5000_transformed-false_seed-037.rds","ae4e630f1798e83c5d886006a7d7780430c90c9ce7c0011d3708e328c3cc7fc8",510220
"boosting_selection_20d_latent_location_shift_n0-5000_n1-5000_transformed-false_seed-038","boosting_selection_20d_latent_location_shift_n0-5000_n1-5000_transformed-false_seed-038.rds","19007ac0bfd16a973fd79e7e3ccf2d41f140080ffaeabe81c9ee304c409f4b6b",511072
"boosting_selection_20d_latent_location_shift_n0-5000_n1-5000_transformed-false_seed-039","boosting_selection_20d_latent_location_shift_n0-5000_n1-5000_transformed-false_seed-039.rds","4445bc436b72ccea44d0e7a4c24a46702de9253b821d51f33505c92d6a1be72e",503624
"boosting_selection_20d_latent_location_shift_n0-5000_n1-5000_transformed-false_seed-040","boosting_selection_20d_latent_location_shift_n0-5000_n1-5000_transformed-false_seed-040.rds","98d6a3e48da5cacbc1feac462e09b87acd7adb9d61ca974cee94495eec010773",521040
"boosting_selection_20d_latent_location_shift_n0-5000_n1-5000_transformed-false_seed-041","boosting_selection_20d_latent_location_shift_n0-5000_n1-5000_transformed-false_seed-041.rds","aefbf9b390186cbd70b8cafc23c7b106f142a3e1fdd140486181d5bb53c537bb",507572
"boosting_selection_20d_latent_location_shift_n0-5000_n1-5000_transformed-false_seed-042","boosting_selection_20d_latent_location_shift_n0-5000_n1-5000_transformed-false_seed-042.rds","0f182f86d19350a44b552b6cdd141c37ac926c9ae1fb0a285f486176c0885d20",502924
"boosting_selection_20d_latent_location_shift_n0-5000_n1-5000_transformed-false_seed-043","boosting_selection_20d_latent_location_shift_n0-5000_n1-5000_transformed-false_seed-043.rds","186bcf3b393263bd6bb4ef7fd9285e78f048f93dd22a18db5a6e1d19de64e9a6",514148
"boosting_selection_20d_latent_location_shift_n0-5000_n1-5000_transformed-false_seed-044","boosting_selection_20d_latent_location_shift_n0-5000_n1-5000_transformed-false_seed-044.rds","5554a4f6ba462f04431d5377c646cb77ae7fdcfed7cb682529943791b15300d7",514360
"boosting_selection_20d_latent_location_shift_n0-5000_n1-5000_transformed-false_seed-045","boosting_selection_20d_latent_location_shift_n0-5000_n1-5000_transformed-false_seed-045.rds","1fa77e8abdacd589ddd65c1dcd9a762ed10bda89b60decac35324fb211423d5a",513592
"boosting_selection_20d_latent_location_shift_n0-5000_n1-5000_transformed-false_seed-046","boosting_selection_20d_latent_location_shift_n0-5000_n1-5000_transformed-false_seed-046.rds","6f266a3e734c9baefe13393e03411b573d9857bba2b7cb834f6c4c086016f4a4",511604
"boosting_selection_20d_latent_location_shift_n0-5000_n1-5000_transformed-false_seed-047","boosting_selection_20d_latent_location_shift_n0-5000_n1-5000_transformed-false_seed-047.rds","6f7e4cc6fb5aab09862b41502504e6cf3f720d2122f694021ea8f33467f1d25b",516056
"boosting_selection_20d_latent_location_shift_n0-5000_n1-5000_transformed-false_seed-048","boosting_selection_20d_latent_location_shift_n0-5000_n1-5000_transformed-false_seed-048.rds","d256c03a501cd4a89bd56616a1a3b2389690f622baa7f5fc349bf6973d68b3e8",488904
"boosting_selection_20d_latent_location_shift_n0-5000_n1-5000_transformed-false_seed-049","boosting_selection_20d_latent_location_shift_n0-5000_n1-5000_transformed-false_seed-049.rds","b49b2fb52289410b11b14cca2279c20acf65cdbeeb43f6e5da34b119df01da35",517256
"boosting_selection_20d_latent_location_shift_n0-5000_n1-5000_transformed-false_seed-050","boosting_selection_20d_latent_location_shift_n0-5000_n1-5000_transformed-false_seed-050.rds","4fc2a75b2337a2ca5b1efe280f9b53c73614389c29b5b55db6fdd425bfb2ad3e",504860
"boosting_selection_20d_latent_location_shift_n0-5000_n1-5000_transformed-true_seed-001","boosting_selection_20d_latent_location_shift_n0-5000_n1-5000_transformed-true_seed-001.rds","180ab2d08e86519711f3353841a0791f315d7b34e86d87e0a384abc9967d47de",506380
"boosting_selection_20d_latent_location_shift_n0-5000_n1-5000_transformed-true_seed-002","boosting_selection_20d_latent_location_shift_n0-5000_n1-5000_transformed-true_seed-002.rds","9216dc172979d75ebb2aa8ddaeb09742f4585e5bc5d116bf021f2ad5c423b502",510716
"boosting_selection_20d_latent_location_shift_n0-5000_n1-5000_transformed-true_seed-003","boosting_selection_20d_latent_location_shift_n0-5000_n1-5000_transformed-true_seed-003.rds","899b76d1fc05f8ccc3b7ba51a45c5b63878a5a355062d162a9e25afe14a79f47",508760
"boosting_selection_20d_latent_location_shift_n0-5000_n1-5000_transformed-true_seed-004","boosting_selection_20d_latent_location_shift_n0-5000_n1-5000_transformed-true_seed-004.rds","9c97a5e05d237497ef219af4d58c6f22c115807e2285687b014cc8bb563a5659",520616
"boosting_selection_20d_latent_location_shift_n0-5000_n1-5000_transformed-true_seed-005","boosting_selection_20d_latent_location_shift_n0-5000_n1-5000_transformed-true_seed-005.rds","a3b8494d01d3236f41eb09c2c140ede7ada711419072983d87b089eafb1b8ca3",520212
"boosting_selection_20d_latent_location_shift_n0-5000_n1-5000_transformed-true_seed-006","boosting_selection_20d_latent_location_shift_n0-5000_n1-5000_transformed-true_seed-006.rds","bbbfa2210defc211625320acf87ed4266c6c5d58027129daacdc9cfc368e77c0",510212
"boosting_selection_20d_latent_location_shift_n0-5000_n1-5000_transformed-true_seed-007","boosting_selection_20d_latent_location_shift_n0-5000_n1-5000_transformed-true_seed-007.rds","38d771b066c69cf431cc14e1c6eb902ebf1e19af4ecd1a33cee6ac7140e6a83b",509040
"boosting_selection_20d_latent_location_shift_n0-5000_n1-5000_transformed-true_seed-008","boosting_selection_20d_latent_location_shift_n0-5000_n1-5000_transformed-true_seed-008.rds","f7e0a16921c08a3ba4d1700cf2da13c0cb8963d08003a3f7c38f8c1670a72fba",508156
"boosting_selection_20d_latent_location_shift_n0-5000_n1-5000_transformed-true_seed-009","boosting_selection_20d_latent_location_shift_n0-5000_n1-5000_transformed-true_seed-009.rds","4fa1f0ddfbe61acf22d56e5a9aa38ed5ef149e8c696c96d0bf4c14ad8eab0a1d",509260
"boosting_selection_20d_latent_location_shift_n0-5000_n1-5000_transformed-true_seed-010","boosting_selection_20d_latent_location_shift_n0-5000_n1-5000_transformed-true_seed-010.rds","4baa4504266a2f46f8cb8e7f17e532b6196dc5a05152e6b1f1e473b2d2441007",488320
"boosting_selection_20d_latent_location_shift_n0-5000_n1-5000_transformed-true_seed-011","boosting_selection_20d_latent_location_shift_n0-5000_n1-5000_transformed-true_seed-011.rds","85a23329440e6be8058c41c49252a1be5acb314a2a752a0ae6bc1e48a896af15",516768
"boosting_selection_20d_latent_location_shift_n0-5000_n1-5000_transformed-true_seed-012","boosting_selection_20d_latent_location_shift_n0-5000_n1-5000_transformed-true_seed-012.rds","55eab6d84bc0ce0cfd8e7a664e2649418a4c488a99c9d68e3e0b6e66a3cb3860",511468
"boosting_selection_20d_latent_location_shift_n0-5000_n1-5000_transformed-true_seed-013","boosting_selection_20d_latent_location_shift_n0-5000_n1-5000_transformed-true_seed-013.rds","b97fe82550d97a530101a675117d67df06c534055750268c4cf2300cb83b1dac",517892
"boosting_selection_20d_latent_location_shift_n0-5000_n1-5000_transformed-true_seed-014","boosting_selection_20d_latent_location_shift_n0-5000_n1-5000_transformed-true_seed-014.rds","ece13e19800089cd72a1b15dd690732d38e4b80f84cad9c4301d1fd9bcd0b908",508712
"boosting_selection_20d_latent_location_shift_n0-5000_n1-5000_transformed-true_seed-015","boosting_selection_20d_latent_location_shift_n0-5000_n1-5000_transformed-true_seed-015.rds","fbcda4d9d325e856013969b8e03b3be0d74f9f9a60077c0752122850c3d5d762",505680
"boosting_selection_20d_latent_location_shift_n0-5000_n1-5000_transformed-true_seed-016","boosting_selection_20d_latent_location_shift_n0-5000_n1-5000_transformed-true_seed-016.rds","071224bf4c14f1ad2ee40733b42ba7341c17c80e87cbc015e3e59c1faec9e6b7",480124
"boosting_selection_20d_latent_location_shift_n0-5000_n1-5000_transformed-true_seed-017","boosting_selection_20d_latent_location_shift_n0-5000_n1-5000_transformed-true_seed-017.rds","c2c21e4b4ac0705310d72f430c2af50b9dfe098ad2b7d7effc7e71cec5dc9f61",521292
"boosting_selection_20d_latent_location_shift_n0-5000_n1-5000_transformed-true_seed-018","boosting_selection_20d_latent_location_shift_n0-5000_n1-5000_transformed-true_seed-018.rds","572682a8d51997950634e7cb41b267a9d976e08564b082d181e575042d51bdb9",510776
"boosting_selection_20d_latent_location_shift_n0-5000_n1-5000_transformed-true_seed-019","boosting_selection_20d_latent_location_shift_n0-5000_n1-5000_transformed-true_seed-019.rds","84269dae8957dacd09805f4bb775e193b375042e9d7207b76eb08bc3bd3cb40c",512528
"boosting_selection_20d_latent_location_shift_n0-5000_n1-5000_transformed-true_seed-020","boosting_selection_20d_latent_location_shift_n0-5000_n1-5000_transformed-true_seed-020.rds","947b291d05a1cdf531476232115ee9534e31c1875b17bf8d1dc9a1a9b459b151",494640
"boosting_selection_20d_latent_location_shift_n0-5000_n1-5000_transformed-true_seed-021","boosting_selection_20d_latent_location_shift_n0-5000_n1-5000_transformed-true_seed-021.rds","5f1d9a35b99f46591e1db1eafbb0a2673a4d343c31a66f5e328e301a8919064b",502348
"boosting_selection_20d_latent_location_shift_n0-5000_n1-5000_transformed-true_seed-022","boosting_selection_20d_latent_location_shift_n0-5000_n1-5000_transformed-true_seed-022.rds","4eaff13afae597a690ccd042bb85356f47917a91ac52fae401d9aecf85766d9a",504320
"boosting_selection_20d_latent_location_shift_n0-5000_n1-5000_transformed-true_seed-023","boosting_selection_20d_latent_location_shift_n0-5000_n1-5000_transformed-true_seed-023.rds","5e51a9bcadba99aecd69a4cb500c04a6544a8425a95c8e8bcc7c37c25c3afc04",519192
"boosting_selection_20d_latent_location_shift_n0-5000_n1-5000_transformed-true_seed-024","boosting_selection_20d_latent_location_shift_n0-5000_n1-5000_transformed-true_seed-024.rds","efdafb650249ffb1586e97e6ac0b850a791b2a878594e78f598c2febe9d641eb",509760
"boosting_selection_20d_latent_location_shift_n0-5000_n1-5000_transformed-true_seed-025","boosting_selection_20d_latent_location_shift_n0-5000_n1-5000_transformed-true_seed-025.rds","64ed96ee8ed2552e89e7a9f5283afbfdd4043ca1cb385f2bf7d179aea7b44a45",494640
"boosting_selection_20d_latent_location_shift_n0-5000_n1-5000_transformed-true_seed-026","boosting_selection_20d_latent_location_shift_n0-5000_n1-5000_transformed-true_seed-026.rds","a64267ef52ee56ca3821d56915c3ca615cf1004b145bd06bc1cd7497554c6ade",498924
"boosting_selection_20d_latent_location_shift_n0-5000_n1-5000_transformed-true_seed-027","boosting_selection_20d_latent_location_shift_n0-5000_n1-5000_transformed-true_seed-027.rds","fd555c5a506a38c13f04434d20f7e08fdf19994d235ac278b410fb404d3a1d87",514604
"boosting_selection_20d_latent_location_shift_n0-5000_n1-5000_transformed-true_seed-028","boosting_selection_20d_latent_location_shift_n0-5000_n1-5000_transformed-true_seed-028.rds","1b8a0afc4abc7de1b6efcebadc581f4f24ebbd1397ffae18a2e28dd943718aec",520756
"boosting_selection_20d_latent_location_shift_n0-5000_n1-5000_transformed-true_seed-029","boosting_selection_20d_latent_location_shift_n0-5000_n1-5000_transformed-true_seed-029.rds","df476d84d0cf7a6484f423fe47a7aa368d4a2500761c65e5286a096618ca140e",505084
"boosting_selection_20d_latent_location_shift_n0-5000_n1-5000_transformed-true_seed-030","boosting_selection_20d_latent_location_shift_n0-5000_n1-5000_transformed-true_seed-030.rds","199e29d84645c5597c98748090dcb8e29db8a309aa739ebbab971c953dad6f0f",518696
"boosting_selection_20d_latent_location_shift_n0-5000_n1-5000_transformed-true_seed-031","boosting_selection_20d_latent_location_shift_n0-5000_n1-5000_transformed-true_seed-031.rds","f8e7de5f79469b3bc4beafe7cc636ad09512e1f9c554f82e6e87614479e20bca",524556
"boosting_selection_20d_latent_location_shift_n0-5000_n1-5000_transformed-true_seed-032","boosting_selection_20d_latent_location_shift_n0-5000_n1-5000_transformed-true_seed-032.rds","2d8579246a5f1a59abcb6293273b5952cc04934195e6bb09ce0536954762be66",499360
"boosting_selection_20d_latent_location_shift_n0-5000_n1-5000_transformed-true_seed-033","boosting_selection_20d_latent_location_shift_n0-5000_n1-5000_transformed-true_seed-033.rds","7d74509357b297aa5fc83d10166953d761454959f86e7a7dfd3aa3bad1691dab",511480
"boosting_selection_20d_latent_location_shift_n0-5000_n1-5000_transformed-true_seed-034","boosting_selection_20d_latent_location_shift_n0-5000_n1-5000_transformed-true_seed-034.rds","0bce223c1597a094d5374de66210d973bbb23d86b128769b00c5a93974b85022",509612
"boosting_selection_20d_latent_location_shift_n0-5000_n1-5000_transformed-true_seed-035","boosting_selection_20d_latent_location_shift_n0-5000_n1-5000_transformed-true_seed-035.rds","bb8c949098f51b0b6bd0d8233a3f3b2b6603afde2f374e2a229c2a31b41de512",498148
"boosting_selection_20d_latent_location_shift_n0-5000_n1-5000_transformed-true_seed-036","boosting_selection_20d_latent_location_shift_n0-5000_n1-5000_transformed-true_seed-036.rds","f2664b37dce7ebc7c905fa72e86ccce32b9f4558f26e50452bce5905d6062650",496520
"boosting_selection_20d_latent_location_shift_n0-5000_n1-5000_transformed-true_seed-037","boosting_selection_20d_latent_location_shift_n0-5000_n1-5000_transformed-true_seed-037.rds","d4d4bd9ad7b8c95bd4b348d0c0369469af6fccec62ab112cda600c0e1fbae1e8",512196
"boosting_selection_20d_latent_location_shift_n0-5000_n1-5000_transformed-true_seed-038","boosting_selection_20d_latent_location_shift_n0-5000_n1-5000_transformed-true_seed-038.rds","5f89242192a4462d5d95f9da033da8b81e59259404a7a78e0d34e1b4bf06169c",509200
"boosting_selection_20d_latent_location_shift_n0-5000_n1-5000_transformed-true_seed-039","boosting_selection_20d_latent_location_shift_n0-5000_n1-5000_transformed-true_seed-039.rds","0521219f6eb54f3f5926404a65aa66763bdfc525380bcfd3d22261ffb21d7111",501132
"boosting_selection_20d_latent_location_shift_n0-5000_n1-5000_transformed-true_seed-040","boosting_selection_20d_latent_location_shift_n0-5000_n1-5000_transformed-true_seed-040.rds","be12044ec0305629eedb3fb71b4c15d56f74b1301fe401ee81aac82bc3062d59",519348
"boosting_selection_20d_latent_location_shift_n0-5000_n1-5000_transformed-true_seed-041","boosting_selection_20d_latent_location_shift_n0-5000_n1-5000_transformed-true_seed-041.rds","1a57f7c78d8b5f7388bc3d2ab62f7905bfb22ab7c0b79235ab856c12fc25b79b",498368
"boosting_selection_20d_latent_location_shift_n0-5000_n1-5000_transformed-true_seed-042","boosting_selection_20d_latent_location_shift_n0-5000_n1-5000_transformed-true_seed-042.rds","2b089ef14a75e07d77295a22a88e5332563589d237d3eb1fed4b14476457e423",493640
"boosting_selection_20d_latent_location_shift_n0-5000_n1-5000_transformed-true_seed-043","boosting_selection_20d_latent_location_shift_n0-5000_n1-5000_transformed-true_seed-043.rds","5a7dc2082461b68188dcb3d8387175eec85e55c9eec95a1d3d9afc21c886bbf1",523352
"boosting_selection_20d_latent_location_shift_n0-5000_n1-5000_transformed-true_seed-044","boosting_selection_20d_latent_location_shift_n0-5000_n1-5000_transformed-true_seed-044.rds","07d8f90ca69dd8f6bee6a3650b8224a7e3f8b77fe98d2910a14ef7be55e93dfc",513376
"boosting_selection_20d_latent_location_shift_n0-5000_n1-5000_transformed-true_seed-045","boosting_selection_20d_latent_location_shift_n0-5000_n1-5000_transformed-true_seed-045.rds","48f44d286b8ca63995cd088042b8ca4219b7f0fbddedc9f39f3dea382b28a021",512716
"boosting_selection_20d_latent_location_shift_n0-5000_n1-5000_transformed-true_seed-046","boosting_selection_20d_latent_location_shift_n0-5000_n1-5000_transformed-true_seed-046.rds","66c51ddf71f4a60ecf26f00e3ddb48de49933dcb50f6ccb8993dc6e785dda656",505464
"boosting_selection_20d_latent_location_shift_n0-5000_n1-5000_transformed-true_seed-047","boosting_selection_20d_latent_location_shift_n0-5000_n1-5000_transformed-true_seed-047.rds","16aed5daf808f87666680c4c0ee882ff21ea7eceb2faa898bdf761a0b2d792c8",507144
"boosting_selection_20d_latent_location_shift_n0-5000_n1-5000_transformed-true_seed-048","boosting_selection_20d_latent_location_shift_n0-5000_n1-5000_transformed-true_seed-048.rds","d3ff3b8bc3a4a635f8b1093472fe070f17644a9709e403968a10e9eff3a233ba",492668
"boosting_selection_20d_latent_location_shift_n0-5000_n1-5000_transformed-true_seed-049","boosting_selection_20d_latent_location_shift_n0-5000_n1-5000_transformed-true_seed-049.rds","9e13507b897387db3ca660c027678dea6de51504f7788d2d03c76d9038c2455b",511952
"boosting_selection_20d_latent_location_shift_n0-5000_n1-5000_transformed-true_seed-050","boosting_selection_20d_latent_location_shift_n0-5000_n1-5000_transformed-true_seed-050.rds","dcb636693d6e0b772a33922b8dbe10a21ebdd00693ab8f788e3a92915ac490f9",502712
"boosting_selection_20d_latent_location_shift_n0-9000_n1-1000_transformed-false_seed-001","boosting_selection_20d_latent_location_shift_n0-9000_n1-1000_transformed-false_seed-001.rds","27be233f6a404532b9b4ad8af84d6db78117000de1d29ad762a872442927032e",466888
"boosting_selection_20d_latent_location_shift_n0-9000_n1-1000_transformed-false_seed-002","boosting_selection_20d_latent_location_shift_n0-9000_n1-1000_transformed-false_seed-002.rds","502a160a6c713ba36c6fa88a009e076fb2171a485e65996f89703249285ce074",434200
"boosting_selection_20d_latent_location_shift_n0-9000_n1-1000_transformed-false_seed-003","boosting_selection_20d_latent_location_shift_n0-9000_n1-1000_transformed-false_seed-003.rds","aa2889c7af1c023c3fd2ca87a486c37c67b9a55c9bc56c22d29e18ce5cc83224",463556
"boosting_selection_20d_latent_location_shift_n0-9000_n1-1000_transformed-false_seed-004","boosting_selection_20d_latent_location_shift_n0-9000_n1-1000_transformed-false_seed-004.rds","25be983adc17528630291b2e30d1a4d03957993bad98dce05f476738f9afd949",452932
"boosting_selection_20d_latent_location_shift_n0-9000_n1-1000_transformed-false_seed-005","boosting_selection_20d_latent_location_shift_n0-9000_n1-1000_transformed-false_seed-005.rds","8c0f9af4e4ca22d835fbebe02dc3e8a057fc0a03e861d901cf6d88621eb60801",456108
"boosting_selection_20d_latent_location_shift_n0-9000_n1-1000_transformed-false_seed-006","boosting_selection_20d_latent_location_shift_n0-9000_n1-1000_transformed-false_seed-006.rds","53fc08a544d7a12653bb48ad2361f75065a6ebbb1d115f6d7cf7ff0afc6f7105",441656
"boosting_selection_20d_latent_location_shift_n0-9000_n1-1000_transformed-false_seed-007","boosting_selection_20d_latent_location_shift_n0-9000_n1-1000_transformed-false_seed-007.rds","3b7c783fb83bfc99ce21d169699fd6f6816189fa6f60b7ba4d1bd7667a827859",473684
"boosting_selection_20d_latent_location_shift_n0-9000_n1-1000_transformed-false_seed-008","boosting_selection_20d_latent_location_shift_n0-9000_n1-1000_transformed-false_seed-008.rds","d3c1a22adc388540234e2b3a2f080fb8405bc7bc3f59d0efbd8b810e61076b45",449620
"boosting_selection_20d_latent_location_shift_n0-9000_n1-1000_transformed-false_seed-009","boosting_selection_20d_latent_location_shift_n0-9000_n1-1000_transformed-false_seed-009.rds","feda1ebd1349a6bbce6be659ed63c7b9ad6a15c237ee6cc8dac66069d5ae2ac6",448800
"boosting_selection_20d_latent_location_shift_n0-9000_n1-1000_transformed-false_seed-010","boosting_selection_20d_latent_location_shift_n0-9000_n1-1000_transformed-false_seed-010.rds","2164c595a6823ffbe82278b8eca00cbc5a637876f58fd04d179ebca8414486a6",419520
"boosting_selection_20d_latent_location_shift_n0-9000_n1-1000_transformed-false_seed-011","boosting_selection_20d_latent_location_shift_n0-9000_n1-1000_transformed-false_seed-011.rds","d018375581bf769f2ed8549ca771054c5ad0b4ec25bd87f70360e3b0899f57d8",471268
"boosting_selection_20d_latent_location_shift_n0-9000_n1-1000_transformed-false_seed-012","boosting_selection_20d_latent_location_shift_n0-9000_n1-1000_transformed-false_seed-012.rds","def417aa43a47005f890171cbded6006cd058bbd6fe08fd049ab430f45b7e1b7",457112
"boosting_selection_20d_latent_location_shift_n0-9000_n1-1000_transformed-false_seed-013","boosting_selection_20d_latent_location_shift_n0-9000_n1-1000_transformed-false_seed-013.rds","a83370839991a320981b45e1ce34d21614530835b63d35a677845a186db85dd1",438044
"boosting_selection_20d_latent_location_shift_n0-9000_n1-1000_transformed-false_seed-014","boosting_selection_20d_latent_location_shift_n0-9000_n1-1000_transformed-false_seed-014.rds","f9e0f3d14b38a4819756f12b9052b0456578fff0e9e19c2c04d364a6647f4605",455832
"boosting_selection_20d_latent_location_shift_n0-9000_n1-1000_transformed-false_seed-015","boosting_selection_20d_latent_location_shift_n0-9000_n1-1000_transformed-false_seed-015.rds","af78009f5ccc2af770f6a7fc46c53866c68f233368acd59a099109a9a887383c",475468
"boosting_selection_20d_latent_location_shift_n0-9000_n1-1000_transformed-false_seed-016","boosting_selection_20d_latent_location_shift_n0-9000_n1-1000_transformed-false_seed-016.rds","96734a14b5e10a143376aa626e3388414ce02075bc715bf2cf59b29a92dd1951",483892
"boosting_selection_20d_latent_location_shift_n0-9000_n1-1000_transformed-false_seed-017","boosting_selection_20d_latent_location_shift_n0-9000_n1-1000_transformed-false_seed-017.rds","1a40354b861e2af2ed6e3854f869573048a98a0fcac590fa85dcc82234cd69c1",466764
"boosting_selection_20d_latent_location_shift_n0-9000_n1-1000_transformed-false_seed-018","boosting_selection_20d_latent_location_shift_n0-9000_n1-1000_transformed-false_seed-018.rds","a8d6dacad28b332008ff0fdb4b88a3d44184521fdef31edf2d897b63d9ffb914",459484
"boosting_selection_20d_latent_location_shift_n0-9000_n1-1000_transformed-false_seed-019","boosting_selection_20d_latent_location_shift_n0-9000_n1-1000_transformed-false_seed-019.rds","5558a96149a04bd4b13cafa60b58383884d53458ab8d6a83ebd0ad3a5582d8ac",441204
"boosting_selection_20d_latent_location_shift_n0-9000_n1-1000_transformed-false_seed-020","boosting_selection_20d_latent_location_shift_n0-9000_n1-1000_transformed-false_seed-020.rds","892e3c35538eaddc6594e78cffbd4057d39ca7ac10e53835310a9f43c77b8ae5",443808
"boosting_selection_20d_latent_location_shift_n0-9000_n1-1000_transformed-false_seed-021","boosting_selection_20d_latent_location_shift_n0-9000_n1-1000_transformed-false_seed-021.rds","36f760d9516a53ea040399c882d875198de243447d66aa0af3de0074e543eee7",462220
"boosting_selection_20d_latent_location_shift_n0-9000_n1-1000_transformed-false_seed-022","boosting_selection_20d_latent_location_shift_n0-9000_n1-1000_transformed-false_seed-022.rds","681cdd13beab2cdb3130bc778df3a3ac66dc07b7752a1f7524b37e404ffbf429",454048
"boosting_selection_20d_latent_location_shift_n0-9000_n1-1000_transformed-false_seed-023","boosting_selection_20d_latent_location_shift_n0-9000_n1-1000_transformed-false_seed-023.rds","aad08a5048ba0c454f008131800cc5dd7afe359e65f9ef79094d9eed092dddd8",486288
"boosting_selection_20d_latent_location_shift_n0-9000_n1-1000_transformed-false_seed-024","boosting_selection_20d_latent_location_shift_n0-9000_n1-1000_transformed-false_seed-024.rds","06e8c0aa519db22eb097ae53e25640dda0b2373e587d28bd2b8a329c158862a9",465276
"boosting_selection_20d_latent_location_shift_n0-9000_n1-1000_transformed-false_seed-025","boosting_selection_20d_latent_location_shift_n0-9000_n1-1000_transformed-false_seed-025.rds","ebeac5e7415753812c4781cec40e2c9de58a91e69cbd0c887dabac4b03bddb30",458172
"boosting_selection_20d_latent_location_shift_n0-9000_n1-1000_transformed-false_seed-026","boosting_selection_20d_latent_location_shift_n0-9000_n1-1000_transformed-false_seed-026.rds","4b87a7a5f01407693a8832e76557e38d82b4796c258c47eb5a53747af03685cb",426056
"boosting_selection_20d_latent_location_shift_n0-9000_n1-1000_transformed-false_seed-027","boosting_selection_20d_latent_location_shift_n0-9000_n1-1000_transformed-false_seed-027.rds","70133d7fade7e1144502c7fe090914cb12a9d0e96090513e0c40995e27fba7c7",457156
"boosting_selection_20d_latent_location_shift_n0-9000_n1-1000_transformed-false_seed-028","boosting_selection_20d_latent_location_shift_n0-9000_n1-1000_transformed-false_seed-028.rds","42ee9e700b4b2663d1dedbf68ebc58348aebbdf8023041e3cfe991d7406d7c20",431236
"boosting_selection_20d_latent_location_shift_n0-9000_n1-1000_transformed-false_seed-029","boosting_selection_20d_latent_location_shift_n0-9000_n1-1000_transformed-false_seed-029.rds","cf1f292296cfd95cde3e90d15d0e0eb5f6dcd1c1113258f24ffb756a532becc3",463724
"boosting_selection_20d_latent_location_shift_n0-9000_n1-1000_transformed-false_seed-030","boosting_selection_20d_latent_location_shift_n0-9000_n1-1000_transformed-false_seed-030.rds","29811c2ce5afb4b248e0da6f725800ed4f146ee698f4c7d0432df60cd6b79eec",472684
"boosting_selection_20d_latent_location_shift_n0-9000_n1-1000_transformed-false_seed-031","boosting_selection_20d_latent_location_shift_n0-9000_n1-1000_transformed-false_seed-031.rds","46d4de43854cab173cdea9066b76ed0187c378da4c97a8302d253ccdb10158c2",488144
"boosting_selection_20d_latent_location_shift_n0-9000_n1-1000_transformed-false_seed-032","boosting_selection_20d_latent_location_shift_n0-9000_n1-1000_transformed-false_seed-032.rds","929841cb4c4ea0db71d535a2aac19342c148ee615c5b289ff04ade6bb7f3b7fb",465468
"boosting_selection_20d_latent_location_shift_n0-9000_n1-1000_transformed-false_seed-033","boosting_selection_20d_latent_location_shift_n0-9000_n1-1000_transformed-false_seed-033.rds","c1e024c29d6b4e443bd78a92405d6af6b4028e68dd628a2b3f85ae861c338633",461940
"boosting_selection_20d_latent_location_shift_n0-9000_n1-1000_transformed-false_seed-034","boosting_selection_20d_latent_location_shift_n0-9000_n1-1000_transformed-false_seed-034.rds","a3f731438233e928ac2afe494493c5367b9c6ab567dd7cc186da7c4af3e3d955",470312
"boosting_selection_20d_latent_location_shift_n0-9000_n1-1000_transformed-false_seed-035","boosting_selection_20d_latent_location_shift_n0-9000_n1-1000_transformed-false_seed-035.rds","3b89c1c6b81c0b72cdab3ea351784356b1d70582a721e4d95b4011bbf5652e60",466180
"boosting_selection_20d_latent_location_shift_n0-9000_n1-1000_transformed-false_seed-036","boosting_selection_20d_latent_location_shift_n0-9000_n1-1000_transformed-false_seed-036.rds","9448c2e2a4d3b5ca1c0275d7ca3a304a6b4569c9ba98461d8663bda71771704a",449216
"boosting_selection_20d_latent_location_shift_n0-9000_n1-1000_transformed-false_seed-037","boosting_selection_20d_latent_location_shift_n0-9000_n1-1000_transformed-false_seed-037.rds","f11fcae89712c7a5387e6c95ff9f86516c9fc4f5dddbdbaf30641f56810b747e",474864
"boosting_selection_20d_latent_location_shift_n0-9000_n1-1000_transformed-false_seed-038","boosting_selection_20d_latent_location_shift_n0-9000_n1-1000_transformed-false_seed-038.rds","7a3b6be0afb3d7697eccb788c7384d0c8ece7a4c9df6a871b4a48c673136d808",467456
"boosting_selection_20d_latent_location_shift_n0-9000_n1-1000_transformed-false_seed-039","boosting_selection_20d_latent_location_shift_n0-9000_n1-1000_transformed-false_seed-039.rds","1735937fc939a71014d943fc987d724246ee983cb428ff4199917a6d3b6bab87",463788
"boosting_selection_20d_latent_location_shift_n0-9000_n1-1000_transformed-false_seed-040","boosting_selection_20d_latent_location_shift_n0-9000_n1-1000_transformed-false_seed-040.rds","262925ba5ebd96a314797113b3ebee4c583aa4ef5ea7da8944a021b3229b0222",452020
"boosting_selection_20d_latent_location_shift_n0-9000_n1-1000_transformed-false_seed-041","boosting_selection_20d_latent_location_shift_n0-9000_n1-1000_transformed-false_seed-041.rds","c00bd711f2768e7f9bbbe8a38de0e633a7d6bdd3eb5f4d452aeb07f818595c69",434436
"boosting_selection_20d_latent_location_shift_n0-9000_n1-1000_transformed-false_seed-042","boosting_selection_20d_latent_location_shift_n0-9000_n1-1000_transformed-false_seed-042.rds","1816bd09533881c4768530134eb613076b0bad1e3c4c32967250d6501778d5ec",467296
"boosting_selection_20d_latent_location_shift_n0-9000_n1-1000_transformed-false_seed-043","boosting_selection_20d_latent_location_shift_n0-9000_n1-1000_transformed-false_seed-043.rds","4ec9e1aab08a4175f9ae7fad73a11d8e5e76335e61cd9b78137a8a9d36837ef6",480184
"boosting_selection_20d_latent_location_shift_n0-9000_n1-1000_transformed-false_seed-044","boosting_selection_20d_latent_location_shift_n0-9000_n1-1000_transformed-false_seed-044.rds","0d437d021d61476f6caf778e00bd9142c26afc60cc5ef67d72a79333103d8e82",454096
"boosting_selection_20d_latent_location_shift_n0-9000_n1-1000_transformed-false_seed-045","boosting_selection_20d_latent_location_shift_n0-9000_n1-1000_transformed-false_seed-045.rds","598daab78cb1f9e2d46a56f2206db2333832276e8059b8bff5ef0bee5d5114aa",427888
"boosting_selection_20d_latent_location_shift_n0-9000_n1-1000_transformed-false_seed-046","boosting_selection_20d_latent_location_shift_n0-9000_n1-1000_transformed-false_seed-046.rds","361f5fa1ddbf2df06159e362acab7a76f8ac9b7a9b0af2995ebc5fea04053dce",446828
"boosting_selection_20d_latent_location_shift_n0-9000_n1-1000_transformed-false_seed-047","boosting_selection_20d_latent_location_shift_n0-9000_n1-1000_transformed-false_seed-047.rds","d825498ec4f3f8d9b5e590ebb94e8609f7e419c8c9cb6c1d6d7dcdf2afcdab4b",460164
"boosting_selection_20d_latent_location_shift_n0-9000_n1-1000_transformed-false_seed-048","boosting_selection_20d_latent_location_shift_n0-9000_n1-1000_transformed-false_seed-048.rds","0017c56ecfe56da9133009e831c028fbd296b3d06a34173f685826d1cc5aab8d",436192
"boosting_selection_20d_latent_location_shift_n0-9000_n1-1000_transformed-false_seed-049","boosting_selection_20d_latent_location_shift_n0-9000_n1-1000_transformed-false_seed-049.rds","906264c057aa48541d82894a05f2f06ef6c42805c42deafa68ddb8448e8e0722",462272
"boosting_selection_20d_latent_location_shift_n0-9000_n1-1000_transformed-false_seed-050","boosting_selection_20d_latent_location_shift_n0-9000_n1-1000_transformed-false_seed-050.rds","98887abc6651b967c2be3e199303f4088f4a9e83a62b177b3388a201745a5526",471872
"boosting_selection_20d_latent_location_shift_n0-9000_n1-1000_transformed-true_seed-001","boosting_selection_20d_latent_location_shift_n0-9000_n1-1000_transformed-true_seed-001.rds","c8dff660ab705430d39dbde78a202d9b186507e0ef7e31d14ef161257463e340",466420
"boosting_selection_20d_latent_location_shift_n0-9000_n1-1000_transformed-true_seed-002","boosting_selection_20d_latent_location_shift_n0-9000_n1-1000_transformed-true_seed-002.rds","08b3c8037bfd56210f944bc776b22065133d0da65eb37098b5c3c5f59f243a5f",441484
"boosting_selection_20d_latent_location_shift_n0-9000_n1-1000_transformed-true_seed-003","boosting_selection_20d_latent_location_shift_n0-9000_n1-1000_transformed-true_seed-003.rds","03fe78267e9477c265201f0aea4c0232290f1eb5ac3f6cf244cb6d1e9c5e35af",459936
"boosting_selection_20d_latent_location_shift_n0-9000_n1-1000_transformed-true_seed-004","boosting_selection_20d_latent_location_shift_n0-9000_n1-1000_transformed-true_seed-004.rds","f34a825f7e07b132c2b79ffecf38b322f778a64ec93fc228abd14cfc1d21ecae",445940
"boosting_selection_20d_latent_location_shift_n0-9000_n1-1000_transformed-true_seed-005","boosting_selection_20d_latent_location_shift_n0-9000_n1-1000_transformed-true_seed-005.rds","1da82075e64457dd26366d350efab092fd917ef026fd7fff4aa036b0d5fd5ce9",464640
"boosting_selection_20d_latent_location_shift_n0-9000_n1-1000_transformed-true_seed-006","boosting_selection_20d_latent_location_shift_n0-9000_n1-1000_transformed-true_seed-006.rds","157e935f24c0cb605685da8d2517952c383018001dfd3b04f838e5ee04fcfb12",431540
"boosting_selection_20d_latent_location_shift_n0-9000_n1-1000_transformed-true_seed-007","boosting_selection_20d_latent_location_shift_n0-9000_n1-1000_transformed-true_seed-007.rds","486860d4e6086f59d28deee1befdfa243c78342718d2229b5448a12824e84a39",446412
"boosting_selection_20d_latent_location_shift_n0-9000_n1-1000_transformed-true_seed-008","boosting_selection_20d_latent_location_shift_n0-9000_n1-1000_transformed-true_seed-008.rds","4777cd37f31b93868439359af0d00cfba1774b935ab7e645a9615cc9b15cfb7d",443656
"boosting_selection_20d_latent_location_shift_n0-9000_n1-1000_transformed-true_seed-009","boosting_selection_20d_latent_location_shift_n0-9000_n1-1000_transformed-true_seed-009.rds","2b04ba3b32bd8d85a96c53728d413aa9f2c7ae042d87190d9f032a63a8d92e53",421328
"boosting_selection_20d_latent_location_shift_n0-9000_n1-1000_transformed-true_seed-010","boosting_selection_20d_latent_location_shift_n0-9000_n1-1000_transformed-true_seed-010.rds","b6a2f15c1a4fe298ffe872de58c2e4af39c7abcf9dc1cf0f1ef7409ad1f02fad",407728
"boosting_selection_20d_latent_location_shift_n0-9000_n1-1000_transformed-true_seed-011","boosting_selection_20d_latent_location_shift_n0-9000_n1-1000_transformed-true_seed-011.rds","cff95a037e1552d5c93ba0acd72621d2275c6d5a7c8c7c5adc48def5e4161466",472500
"boosting_selection_20d_latent_location_shift_n0-9000_n1-1000_transformed-true_seed-012","boosting_selection_20d_latent_location_shift_n0-9000_n1-1000_transformed-true_seed-012.rds","96f8d15b5227f92eb2791b0a836ae7b115ccd7cc8f6d0dec1ec6ca9203932c07",448544
"boosting_selection_20d_latent_location_shift_n0-9000_n1-1000_transformed-true_seed-013","boosting_selection_20d_latent_location_shift_n0-9000_n1-1000_transformed-true_seed-013.rds","b4c47bf7312e318d229940db8a6a25a11bf3116a51717fff67cc9a7344b65a7e",452992
"boosting_selection_20d_latent_location_shift_n0-9000_n1-1000_transformed-true_seed-014","boosting_selection_20d_latent_location_shift_n0-9000_n1-1000_transformed-true_seed-014.rds","ab2abe17b668c6cbb7ed55a096e368880c4d0bdfb1d24b227d1a516fd370001e",451556
"boosting_selection_20d_latent_location_shift_n0-9000_n1-1000_transformed-true_seed-015","boosting_selection_20d_latent_location_shift_n0-9000_n1-1000_transformed-true_seed-015.rds","9da480e53b7dcbe400dd9480a4fbe3ea386ba1c2a595e8344ed2c9a7edb2a999",481328
"boosting_selection_20d_latent_location_shift_n0-9000_n1-1000_transformed-true_seed-016","boosting_selection_20d_latent_location_shift_n0-9000_n1-1000_transformed-true_seed-016.rds","84bc0cfe482feca40ef7d47b6adead572e870f8dc63ad071470ccb1595697ec0",474272
"boosting_selection_20d_latent_location_shift_n0-9000_n1-1000_transformed-true_seed-017","boosting_selection_20d_latent_location_shift_n0-9000_n1-1000_transformed-true_seed-017.rds","d4569758961536a28615dfd18055c64f1280b5b7f9b92dd71e96931a41223518",467960
"boosting_selection_20d_latent_location_shift_n0-9000_n1-1000_transformed-true_seed-018","boosting_selection_20d_latent_location_shift_n0-9000_n1-1000_transformed-true_seed-018.rds","0688151e16e85a80413fc1654fa63089b7a4a85740b919d316ee305d018a9d2c",460816
"boosting_selection_20d_latent_location_shift_n0-9000_n1-1000_transformed-true_seed-019","boosting_selection_20d_latent_location_shift_n0-9000_n1-1000_transformed-true_seed-019.rds","d103a3ac4c23971bb20d0dcd3ca11f402f81d537dd294bea62fa016a2d95a137",443096
"boosting_selection_20d_latent_location_shift_n0-9000_n1-1000_transformed-true_seed-020","boosting_selection_20d_latent_location_shift_n0-9000_n1-1000_transformed-true_seed-020.rds","43b10e8da35e23f0c74e42166b5560ed0d046c5f4c40383c6d5d71fab88ea8b6",446708
"boosting_selection_20d_latent_location_shift_n0-9000_n1-1000_transformed-true_seed-021","boosting_selection_20d_latent_location_shift_n0-9000_n1-1000_transformed-true_seed-021.rds","ec42cde0d9a74a9e291f4b94c65d6706f8d25c62368edc4648d95e0b8196602b",459392
"boosting_selection_20d_latent_location_shift_n0-9000_n1-1000_transformed-true_seed-022","boosting_selection_20d_latent_location_shift_n0-9000_n1-1000_transformed-true_seed-022.rds","ef52152d4c4e6ee9646715daf796182162ea4e0b08cf5b1b2695f6e258281480",446612
"boosting_selection_20d_latent_location_shift_n0-9000_n1-1000_transformed-true_seed-023","boosting_selection_20d_latent_location_shift_n0-9000_n1-1000_transformed-true_seed-023.rds","4835ee0c081dab9c4ae7310e631bb72f25c5081a5933cb303d814d76e1d798b3",472120
"boosting_selection_20d_latent_location_shift_n0-9000_n1-1000_transformed-true_seed-024","boosting_selection_20d_latent_location_shift_n0-9000_n1-1000_transformed-true_seed-024.rds","4d82615327c330594759b7e760574a2d580d3b7799c898e8ef6e84f235404fcf",463396
"boosting_selection_20d_latent_location_shift_n0-9000_n1-1000_transformed-true_seed-025","boosting_selection_20d_latent_location_shift_n0-9000_n1-1000_transformed-true_seed-025.rds","649e0517479561e055145e5b95221766931f0f070b61efc9f14268c80b53a458",457940
"boosting_selection_20d_latent_location_shift_n0-9000_n1-1000_transformed-true_seed-026","boosting_selection_20d_latent_location_shift_n0-9000_n1-1000_transformed-true_seed-026.rds","98506b391a9d0f650675537a478b171fc02a140a7d8f86c7fa63f8f1f0f1b046",448676
"boosting_selection_20d_latent_location_shift_n0-9000_n1-1000_transformed-true_seed-027","boosting_selection_20d_latent_location_shift_n0-9000_n1-1000_transformed-true_seed-027.rds","9b414436ad899aad32350ec5ff628fd52133b6d4eda4709154bda8279225171a",430408
"boosting_selection_20d_latent_location_shift_n0-9000_n1-1000_transformed-true_seed-028","boosting_selection_20d_latent_location_shift_n0-9000_n1-1000_transformed-true_seed-028.rds","0f0d1a1f7bcfa26dd7462efbdebc642f0f59e68c20e806e4fecfef448969bc4e",422220
"boosting_selection_20d_latent_location_shift_n0-9000_n1-1000_transformed-true_seed-029","boosting_selection_20d_latent_location_shift_n0-9000_n1-1000_transformed-true_seed-029.rds","465ab8cfa8e9d9b3e2614f97b805d318d32b9407e751eb7d892b1334826300b6",466952
"boosting_selection_20d_latent_location_shift_n0-9000_n1-1000_transformed-true_seed-030","boosting_selection_20d_latent_location_shift_n0-9000_n1-1000_transformed-true_seed-030.rds","157cd50ff2df7908b9f7fb463c04635d765fbab3fc1afbd8d40ae386b395c9ad",460596
"boosting_selection_20d_latent_location_shift_n0-9000_n1-1000_transformed-true_seed-031","boosting_selection_20d_latent_location_shift_n0-9000_n1-1000_transformed-true_seed-031.rds","ded8838a2553f206dbf92c43a40afd3961ac6e971fc1d00bc002cb7ccd8d149d",484508
"boosting_selection_20d_latent_location_shift_n0-9000_n1-1000_transformed-true_seed-032","boosting_selection_20d_latent_location_shift_n0-9000_n1-1000_transformed-true_seed-032.rds","4f9ac9dc9418b8822306e2a51d1b9f334193400725f2f01d84cffbf291be5c41",463312
"boosting_selection_20d_latent_location_shift_n0-9000_n1-1000_transformed-true_seed-033","boosting_selection_20d_latent_location_shift_n0-9000_n1-1000_transformed-true_seed-033.rds","2152da2645d6e48e80117bffba0242c0e854fc2a87fdd5fb88ca654d52f4afbe",437696
"boosting_selection_20d_latent_location_shift_n0-9000_n1-1000_transformed-true_seed-034","boosting_selection_20d_latent_location_shift_n0-9000_n1-1000_transformed-true_seed-034.rds","39498d1c51d6acd79ee1e7b93af61f6d2afed28961c854f6de06ff879ae7fa77",470924
"boosting_selection_20d_latent_location_shift_n0-9000_n1-1000_transformed-true_seed-035","boosting_selection_20d_latent_location_shift_n0-9000_n1-1000_transformed-true_seed-035.rds","8ff1dc45d30e25e072548c71b565930cc55ed5b34c61bcc2d094214f6650492d",437064
"boosting_selection_20d_latent_location_shift_n0-9000_n1-1000_transformed-true_seed-036","boosting_selection_20d_latent_location_shift_n0-9000_n1-1000_transformed-true_seed-036.rds","e5d2aef5d81652af26be2364268389fbe90d0cfbeeb4768671bef787250823bf",449820
"boosting_selection_20d_latent_location_shift_n0-9000_n1-1000_transformed-true_seed-037","boosting_selection_20d_latent_location_shift_n0-9000_n1-1000_transformed-true_seed-037.rds","c644c33131188e7e6f1880b3e3b32772aa24d2365a5ef4f4c899b854a9641294",471032
"boosting_selection_20d_latent_location_shift_n0-9000_n1-1000_transformed-true_seed-038","boosting_selection_20d_latent_location_shift_n0-9000_n1-1000_transformed-true_seed-038.rds","29d6887cf7e66bf6b71729ae0f9a5e718c30d1f604414d9eae4d113076eacf80",458768
"boosting_selection_20d_latent_location_shift_n0-9000_n1-1000_transformed-true_seed-039","boosting_selection_20d_latent_location_shift_n0-9000_n1-1000_transformed-true_seed-039.rds","080b69c830d33ca789d0ca261a7a53ffcdc4ca89f3614169178e04deb05da062",447724
"boosting_selection_20d_latent_location_shift_n0-9000_n1-1000_transformed-true_seed-040","boosting_selection_20d_latent_location_shift_n0-9000_n1-1000_transformed-true_seed-040.rds","361778dee0ff58a7a9bf107d31cd4621b21af7381c3e449db059195276a4e2b2",443888
"boosting_selection_20d_latent_location_shift_n0-9000_n1-1000_transformed-true_seed-041","boosting_selection_20d_latent_location_shift_n0-9000_n1-1000_transformed-true_seed-041.rds","89a3f66e90191a6fdd9763f04ba33b44a0d57538b0526f68f1ad182541d830f4",450476
"boosting_selection_20d_latent_location_shift_n0-9000_n1-1000_transformed-true_seed-042","boosting_selection_20d_latent_location_shift_n0-9000_n1-1000_transformed-true_seed-042.rds","089f1dc9e3ad5e23711566cb4a707d26e1eeaf6ce6475aedc04db4c6e4873fc1",451100
"boosting_selection_20d_latent_location_shift_n0-9000_n1-1000_transformed-true_seed-043","boosting_selection_20d_latent_location_shift_n0-9000_n1-1000_transformed-true_seed-043.rds","28acbd54d06c36aac5515dd60459071339f64c21664ea0c52726cd3130f01d2f",480968
"boosting_selection_20d_latent_location_shift_n0-9000_n1-1000_transformed-true_seed-044","boosting_selection_20d_latent_location_shift_n0-9000_n1-1000_transformed-true_seed-044.rds","4e993f97a3389cc4e43202ce440de9bbcba7f55558716f7ceadbff9b3681a3ab",437900
"boosting_selection_20d_latent_location_shift_n0-9000_n1-1000_transformed-true_seed-045","boosting_selection_20d_latent_location_shift_n0-9000_n1-1000_transformed-true_seed-045.rds","53b624b2b2e4d0d4de2e839dd0f248e32f5fa18a59f8f4220538f5d2535ba03b",449632
"boosting_selection_20d_latent_location_shift_n0-9000_n1-1000_transformed-true_seed-046","boosting_selection_20d_latent_location_shift_n0-9000_n1-1000_transformed-true_seed-046.rds","d973def2fc47a3b1d2e06ee39688901cde6d4f877828f8704910717ac9d00b5a",400404
"boosting_selection_20d_latent_location_shift_n0-9000_n1-1000_transformed-true_seed-047","boosting_selection_20d_latent_location_shift_n0-9000_n1-1000_transformed-true_seed-047.rds","91ae813a8f2bcec268d632757cbffd779086ef6700de8d7488b3a9ef3caa70ef",458324
"boosting_selection_20d_latent_location_shift_n0-9000_n1-1000_transformed-true_seed-048","boosting_selection_20d_latent_location_shift_n0-9000_n1-1000_transformed-true_seed-048.rds","f92c735e10109f728b1f0a6a9b48cdef930e87079926e48003b672fd20d9e02b",433320
"boosting_selection_20d_latent_location_shift_n0-9000_n1-1000_transformed-true_seed-049","boosting_selection_20d_latent_location_shift_n0-9000_n1-1000_transformed-true_seed-049.rds","882de4044093e2d45007482c78d8b8a9051354a9a304aac2088293ff73a12cc2",454892
"boosting_selection_20d_latent_location_shift_n0-9000_n1-1000_transformed-true_seed-050","boosting_selection_20d_latent_location_shift_n0-9000_n1-1000_transformed-true_seed-050.rds","41eaada4792bcefd225809a7466ae25d1e45be3160f46b46bacb3aa980d85bc6",447504
"boosting_selection_2d_global_shift_n0-5000_n1-5000_transformed-false_seed-001","boosting_selection_2d_global_shift_n0-5000_n1-5000_transformed-false_seed-001.rds","d8689405a5aa092f8be4e8c0f1951655dacdcd61227d014a4a16b28f6a24af32",366520
"boosting_selection_2d_global_shift_n0-5000_n1-5000_transformed-false_seed-002","boosting_selection_2d_global_shift_n0-5000_n1-5000_transformed-false_seed-002.rds","b2f9facf08ce15c12d906790af3e2abef5f22f5922557e4d35fe392c26fd684e",394584
"boosting_selection_2d_global_shift_n0-5000_n1-5000_transformed-false_seed-003","boosting_selection_2d_global_shift_n0-5000_n1-5000_transformed-false_seed-003.rds","d6305b7f92ba3afd2b8fca0f9624995e707cd5eff5efd6ab62a2c55ea88b91be",376544
"boosting_selection_2d_global_shift_n0-5000_n1-5000_transformed-false_seed-004","boosting_selection_2d_global_shift_n0-5000_n1-5000_transformed-false_seed-004.rds","c3ab2bcacb9a3ff2fdd33ae170c433665b05e553d52ec1254cc00c4ea280ed9c",418448
"boosting_selection_2d_global_shift_n0-5000_n1-5000_transformed-false_seed-005","boosting_selection_2d_global_shift_n0-5000_n1-5000_transformed-false_seed-005.rds","fd83f0dbeb9a3abbeefb48a9fb908c2e73c387cb5528e6bbb017cd5a4e71e806",417180
"boosting_selection_2d_global_shift_n0-5000_n1-5000_transformed-false_seed-006","boosting_selection_2d_global_shift_n0-5000_n1-5000_transformed-false_seed-006.rds","a4e9ff761c76cf700a15b5036754568ce62817caa0b66d16857adede821c2e4b",381804
"boosting_selection_2d_global_shift_n0-5000_n1-5000_transformed-false_seed-007","boosting_selection_2d_global_shift_n0-5000_n1-5000_transformed-false_seed-007.rds","ca8e47349e88e9f74a0a0ecf0496bcc7e072ddb17e620f90eed3d6e528f1c7b8",379356
"boosting_selection_2d_global_shift_n0-5000_n1-5000_transformed-false_seed-008","boosting_selection_2d_global_shift_n0-5000_n1-5000_transformed-false_seed-008.rds","2cefee0738468b0b78d41d6ef7e4e1e32b7ba44fe1bc995f257091634cb7082d",425404
"boosting_selection_2d_global_shift_n0-5000_n1-5000_transformed-false_seed-009","boosting_selection_2d_global_shift_n0-5000_n1-5000_transformed-false_seed-009.rds","eb2cccb53c67d77e55dfce0a0cb45183de71f6eae1466ceb530dee8dd1e65487",405852
"boosting_selection_2d_global_shift_n0-5000_n1-5000_transformed-false_seed-010","boosting_selection_2d_global_shift_n0-5000_n1-5000_transformed-false_seed-010.rds","c8873e50ea15f9c27d7ff9b6f2e3ef7f2baa2d176096291d46880e06e3a71042",434672
"boosting_selection_2d_global_shift_n0-5000_n1-5000_transformed-false_seed-011","boosting_selection_2d_global_shift_n0-5000_n1-5000_transformed-false_seed-011.rds","28551f00a845076b0fcf62f49d922eb6fae171e094d05d54e95120c63080ae6a",374480
"boosting_selection_2d_global_shift_n0-5000_n1-5000_transformed-false_seed-012","boosting_selection_2d_global_shift_n0-5000_n1-5000_transformed-false_seed-012.rds","dcc9dba7032f777ab1501206bbf9e364ed8cde0c433b2bb9696aef68e8e2c2d9",393844
"boosting_selection_2d_global_shift_n0-5000_n1-5000_transformed-false_seed-013","boosting_selection_2d_global_shift_n0-5000_n1-5000_transformed-false_seed-013.rds","01b169a2da952f9719c6b11310aa92366a332b15e30b8ce71375418ba92b0ba3",415840
"boosting_selection_2d_global_shift_n0-5000_n1-5000_transformed-false_seed-014","boosting_selection_2d_global_shift_n0-5000_n1-5000_transformed-false_seed-014.rds","51b43e047c3c281bbf00969cc72b912135e7bdd6b4204aae3d3e9a7cabe3675d",418092
"boosting_selection_2d_global_shift_n0-5000_n1-5000_transformed-false_seed-015","boosting_selection_2d_global_shift_n0-5000_n1-5000_transformed-false_seed-015.rds","b1a361541833a8e888730c18f4c1121c84998c05e78ff1eb5e24caabda03aa2f",423220
"boosting_selection_2d_global_shift_n0-5000_n1-5000_transformed-false_seed-016","boosting_selection_2d_global_shift_n0-5000_n1-5000_transformed-false_seed-016.rds","9d9c339edc03cf17a37d2285365535e6729c1ac6761677cb5cd8a2d739aa55b5",363980
"boosting_selection_2d_global_shift_n0-5000_n1-5000_transformed-false_seed-017","boosting_selection_2d_global_shift_n0-5000_n1-5000_transformed-false_seed-017.rds","933f783daf5b6e3163a5755a8ff8f03ed9222f85a4e2eab314262ff1aa62afb5",381944
"boosting_selection_2d_global_shift_n0-5000_n1-5000_transformed-false_seed-018","boosting_selection_2d_global_shift_n0-5000_n1-5000_transformed-false_seed-018.rds","171fb9e5b07122befcdb7441f0c40321d879b6b779864d8e62a9f00bb2bb322c",422968
"boosting_selection_2d_global_shift_n0-5000_n1-5000_transformed-false_seed-019","boosting_selection_2d_global_shift_n0-5000_n1-5000_transformed-false_seed-019.rds","fc35cdbd8369c3c110fa7308c0bafc111e04f767d5123f3b771727ed5aee529c",373516
"boosting_selection_2d_global_shift_n0-5000_n1-5000_transformed-false_seed-020","boosting_selection_2d_global_shift_n0-5000_n1-5000_transformed-false_seed-020.rds","cd1af3162547f4f37987624d6ba87e6ef6760dd3f4555299579cd31c5ee80f0f",376692
"boosting_selection_2d_global_shift_n0-5000_n1-5000_transformed-false_seed-021","boosting_selection_2d_global_shift_n0-5000_n1-5000_transformed-false_seed-021.rds","c70cf91b2463b952fb217a1a4f4ca22c7bb2f23bdea54b38b454ec3c828ac546",412556
"boosting_selection_2d_global_shift_n0-5000_n1-5000_transformed-false_seed-022","boosting_selection_2d_global_shift_n0-5000_n1-5000_transformed-false_seed-022.rds","74553737dca2dcc71c00841a2ff249398e3b9b407384f41a9670626ed7b504fd",413032
"boosting_selection_2d_global_shift_n0-5000_n1-5000_transformed-false_seed-023","boosting_selection_2d_global_shift_n0-5000_n1-5000_transformed-false_seed-023.rds","6255d67a258c88da0585b8b1b2ef73fab46abe9f06d9969208875bdef9236da8",425544
"boosting_selection_2d_global_shift_n0-5000_n1-5000_transformed-false_seed-024","boosting_selection_2d_global_shift_n0-5000_n1-5000_transformed-false_seed-024.rds","28e087b40b40a68efa7f878d6eac9ea25b9a44bea358522e727c55751ee29fdd",387504
"boosting_selection_2d_global_shift_n0-5000_n1-5000_transformed-false_seed-025","boosting_selection_2d_global_shift_n0-5000_n1-5000_transformed-false_seed-025.rds","1ed876113e2e4b9cb4d87466cc0f3980d58e9b26afb30b8759ec16e22e06962f",376752
"boosting_selection_2d_global_shift_n0-5000_n1-5000_transformed-false_seed-026","boosting_selection_2d_global_shift_n0-5000_n1-5000_transformed-false_seed-026.rds","5e3e87e3f7acf81a95eb9b7a907cad54bff4e3f9e62c9be7f0a5fcb441fc009a",385364
"boosting_selection_2d_global_shift_n0-5000_n1-5000_transformed-false_seed-027","boosting_selection_2d_global_shift_n0-5000_n1-5000_transformed-false_seed-027.rds","7c591a2ffbb352e37a385f576ffc87f470c7a176836ccb5e492926988c8fbe69",426312
"boosting_selection_2d_global_shift_n0-5000_n1-5000_transformed-false_seed-028","boosting_selection_2d_global_shift_n0-5000_n1-5000_transformed-false_seed-028.rds","2bfaa1ea00893bf904429ab5763cb8b775f0ebbe88beb863a57310f51c4f22ec",393576
"boosting_selection_2d_global_shift_n0-5000_n1-5000_transformed-false_seed-029","boosting_selection_2d_global_shift_n0-5000_n1-5000_transformed-false_seed-029.rds","b0aec82368ff1c83c5214faabe8136b2dcc1d2d106f22ff8debd4fbf23332f90",403264
"boosting_selection_2d_global_shift_n0-5000_n1-5000_transformed-false_seed-030","boosting_selection_2d_global_shift_n0-5000_n1-5000_transformed-false_seed-030.rds","bf068a1ce057d01cc9fc2202390463340464b5c380cc94661b6dff957c63132b",372220
"boosting_selection_2d_global_shift_n0-5000_n1-5000_transformed-false_seed-031","boosting_selection_2d_global_shift_n0-5000_n1-5000_transformed-false_seed-031.rds","d54418245fce520518f9388046e7a688f209c85250afa2ec42822c612ee6299e",394228
"boosting_selection_2d_global_shift_n0-5000_n1-5000_transformed-false_seed-032","boosting_selection_2d_global_shift_n0-5000_n1-5000_transformed-false_seed-032.rds","ca03fe489a472d9feb9bd3b2477a1c15676bead0ec3bc4f7ad7f0ff6df1e158f",378084
"boosting_selection_2d_global_shift_n0-5000_n1-5000_transformed-false_seed-033","boosting_selection_2d_global_shift_n0-5000_n1-5000_transformed-false_seed-033.rds","892a88feb87360b19fd467b80de56ac027b426d5fe4ceba07045845211822e88",369248
"boosting_selection_2d_global_shift_n0-5000_n1-5000_transformed-false_seed-034","boosting_selection_2d_global_shift_n0-5000_n1-5000_transformed-false_seed-034.rds","7f1b16a1e9414b55fd29187f0e6919d91856ea5e9eef0d5cbd6bc68f8d867453",421096
"boosting_selection_2d_global_shift_n0-5000_n1-5000_transformed-false_seed-035","boosting_selection_2d_global_shift_n0-5000_n1-5000_transformed-false_seed-035.rds","96a85878387e324e553b7e222446d231484c01d9a8accc7fa7f70135e5fd8ec0",414000
"boosting_selection_2d_global_shift_n0-5000_n1-5000_transformed-false_seed-036","boosting_selection_2d_global_shift_n0-5000_n1-5000_transformed-false_seed-036.rds","8132424c7c2a90420fae399317ff3ced62d96efabfeae3bdc1be65bc33f9fd08",388672
"boosting_selection_2d_global_shift_n0-5000_n1-5000_transformed-false_seed-037","boosting_selection_2d_global_shift_n0-5000_n1-5000_transformed-false_seed-037.rds","213b1638c9c19e18c59ebb705ae371040ac8b0de22f132b6575e8473b5af7b5f",367364
"boosting_selection_2d_global_shift_n0-5000_n1-5000_transformed-false_seed-038","boosting_selection_2d_global_shift_n0-5000_n1-5000_transformed-false_seed-038.rds","1e12e7f0ff7d24078759b7d3868e20e7dfca188590e3defcdc151d771d55802c",389492
"boosting_selection_2d_global_shift_n0-5000_n1-5000_transformed-false_seed-039","boosting_selection_2d_global_shift_n0-5000_n1-5000_transformed-false_seed-039.rds","dd7600036bcef12022bb0279455af9d51b2ddd0bd5e9b98e621e13e07c4fdd25",394056
"boosting_selection_2d_global_shift_n0-5000_n1-5000_transformed-false_seed-040","boosting_selection_2d_global_shift_n0-5000_n1-5000_transformed-false_seed-040.rds","33b22b8f048f3cb79465094d05548844c7e01e80e4b7f8d5865933593b563c78",369108
"boosting_selection_2d_global_shift_n0-5000_n1-5000_transformed-false_seed-041","boosting_selection_2d_global_shift_n0-5000_n1-5000_transformed-false_seed-041.rds","eeb0f85934d1e129eeed463ef92f0ad2c4a8e011247fa8157c8a7a797b48d2ff",421260
"boosting_selection_2d_global_shift_n0-5000_n1-5000_transformed-false_seed-042","boosting_selection_2d_global_shift_n0-5000_n1-5000_transformed-false_seed-042.rds","9c4e65189799294bc3caf43fa5a1470f7cc6cb439cea7a5f1371b9f6922b59ec",389780
"boosting_selection_2d_global_shift_n0-5000_n1-5000_transformed-false_seed-043","boosting_selection_2d_global_shift_n0-5000_n1-5000_transformed-false_seed-043.rds","5a0babdffbbc257407efd21d7cd7269e3c58fe840cb57b23810de34a6e9b86d4",365192
"boosting_selection_2d_global_shift_n0-5000_n1-5000_transformed-false_seed-044","boosting_selection_2d_global_shift_n0-5000_n1-5000_transformed-false_seed-044.rds","235a0eb1dea8d2b4fd5343ed9acdf8ac5d5300bebdedfbce8e82db8dab27a05b",424652
"boosting_selection_2d_global_shift_n0-5000_n1-5000_transformed-false_seed-045","boosting_selection_2d_global_shift_n0-5000_n1-5000_transformed-false_seed-045.rds","cd0f6b999089ea9fcbfccfdbda610d82f8e175b0e5c48821c4850fb385ac0996",410088
"boosting_selection_2d_global_shift_n0-5000_n1-5000_transformed-false_seed-046","boosting_selection_2d_global_shift_n0-5000_n1-5000_transformed-false_seed-046.rds","2214fbe0f92ca6495dbe70ae917a8e45910f2ec2399360409ffe73b046d5a8c3",368988
"boosting_selection_2d_global_shift_n0-5000_n1-5000_transformed-false_seed-047","boosting_selection_2d_global_shift_n0-5000_n1-5000_transformed-false_seed-047.rds","4100e2bbc1736012dc5cce7120d99fc2a7988fe761867c8dfc21f9d4da24e56c",415932
"boosting_selection_2d_global_shift_n0-5000_n1-5000_transformed-false_seed-048","boosting_selection_2d_global_shift_n0-5000_n1-5000_transformed-false_seed-048.rds","0e64ebb587316d41b2bab6e17264be5b2d6a5cc469418aa7341b033656e48bfc",363036
"boosting_selection_2d_global_shift_n0-5000_n1-5000_transformed-false_seed-049","boosting_selection_2d_global_shift_n0-5000_n1-5000_transformed-false_seed-049.rds","72960a07dccfdd4cffd8b1e9c3984d71668a59a8fdb3676c25bf158c72e3ce1f",416824
"boosting_selection_2d_global_shift_n0-5000_n1-5000_transformed-false_seed-050","boosting_selection_2d_global_shift_n0-5000_n1-5000_transformed-false_seed-050.rds","66df04b8c95e4316006c4e943f0d623f5d5d36c4c969f35b51c74e580569761e",416900
"boosting_selection_2d_global_shift_n0-9000_n1-1000_transformed-false_seed-001","boosting_selection_2d_global_shift_n0-9000_n1-1000_transformed-false_seed-001.rds","e64183d7ca701c5cf522f556dfbafb6ca77dc8520a3e3a819e5862e25df119d2",337848
"boosting_selection_2d_global_shift_n0-9000_n1-1000_transformed-false_seed-002","boosting_selection_2d_global_shift_n0-9000_n1-1000_transformed-false_seed-002.rds","3aacd9eea40687332186706492079e37d00aa0467ca50a5ccea82e6b78c94e41",412272
"boosting_selection_2d_global_shift_n0-9000_n1-1000_transformed-false_seed-003","boosting_selection_2d_global_shift_n0-9000_n1-1000_transformed-false_seed-003.rds","b0796b2ad2cdf675c76a91a98feda81045d7fba1a6388e5168e4faa50a39f305",351336
"boosting_selection_2d_global_shift_n0-9000_n1-1000_transformed-false_seed-004","boosting_selection_2d_global_shift_n0-9000_n1-1000_transformed-false_seed-004.rds","a765b4e5966ae6217e340cfe2594a773d3d59c2fcdfc81a0edc3cbfdacb3f5cb",402456
"boosting_selection_2d_global_shift_n0-9000_n1-1000_transformed-false_seed-005","boosting_selection_2d_global_shift_n0-9000_n1-1000_transformed-false_seed-005.rds","eaec2c4c6fed81bf8cb165ebde747b597cb4ef9daed32db16a88b29dbd9edec6",401640
"boosting_selection_2d_global_shift_n0-9000_n1-1000_transformed-false_seed-006","boosting_selection_2d_global_shift_n0-9000_n1-1000_transformed-false_seed-006.rds","3fce9378728f885efd0429ab4cfaa8879fd9236e6359893e7116f54d5c7ebfcd",376396
"boosting_selection_2d_global_shift_n0-9000_n1-1000_transformed-false_seed-007","boosting_selection_2d_global_shift_n0-9000_n1-1000_transformed-false_seed-007.rds","123522cefe2a35064ca96803f841e7cadb131af3759ca63e919e63a7eadc4edb",347492
"boosting_selection_2d_global_shift_n0-9000_n1-1000_transformed-false_seed-008","boosting_selection_2d_global_shift_n0-9000_n1-1000_transformed-false_seed-008.rds","0b9481e8a28b80a7caa4c23d4c2cd0b5124c726f811afa1129bd9dca9bbc601b",343112
"boosting_selection_2d_global_shift_n0-9000_n1-1000_transformed-false_seed-009","boosting_selection_2d_global_shift_n0-9000_n1-1000_transformed-false_seed-009.rds","9585fc81bc033ae207e84f41e20b8150fb3e45e0c6f9229dcbc2e658730a1d89",339976
"boosting_selection_2d_global_shift_n0-9000_n1-1000_transformed-false_seed-010","boosting_selection_2d_global_shift_n0-9000_n1-1000_transformed-false_seed-010.rds","9e949980d8ae33f4bfbfdd736000fee0eb9b4d46c07c391e29a36b3cbd5b9eb1",410728
"boosting_selection_2d_global_shift_n0-9000_n1-1000_transformed-false_seed-011","boosting_selection_2d_global_shift_n0-9000_n1-1000_transformed-false_seed-011.rds","79fe7d63de2486cd351865bc1a051854f1113278c36646625eb63eae14438873",347068
"boosting_selection_2d_global_shift_n0-9000_n1-1000_transformed-false_seed-012","boosting_selection_2d_global_shift_n0-9000_n1-1000_transformed-false_seed-012.rds","c2db5db60016ee8efd2cc267631732238676d8dc3d6e1dc25acf98a2c876ea19",350988
"boosting_selection_2d_global_shift_n0-9000_n1-1000_transformed-false_seed-013","boosting_selection_2d_global_shift_n0-9000_n1-1000_transformed-false_seed-013.rds","f82c5aca6a4b3222a3510363a8104ab583e6dd19e28b73b17401f804335ba0b4",401508
"boosting_selection_2d_global_shift_n0-9000_n1-1000_transformed-false_seed-014","boosting_selection_2d_global_shift_n0-9000_n1-1000_transformed-false_seed-014.rds","cc77174e24ecc55269956ca8c95b511e24b04aacee0aa26070173dce63795f11",350868
"boosting_selection_2d_global_shift_n0-9000_n1-1000_transformed-false_seed-015","boosting_selection_2d_global_shift_n0-9000_n1-1000_transformed-false_seed-015.rds","90992d67dfe499c0fdb234f59f0578776e464487ba8fa7bb59c1a4fae332efa5",354708
"boosting_selection_2d_global_shift_n0-9000_n1-1000_transformed-false_seed-016","boosting_selection_2d_global_shift_n0-9000_n1-1000_transformed-false_seed-016.rds","2e5bf9950dfafd43a76e88f32158df1bd806b48b3fccb020576d2018c5e4cbcc",370820
"boosting_selection_2d_global_shift_n0-9000_n1-1000_transformed-false_seed-017","boosting_selection_2d_global_shift_n0-9000_n1-1000_transformed-false_seed-017.rds","f6d8023c02af0c8821bc5431298b5d24cec51252613c4d1b68000855b29cc600",407692
"boosting_selection_2d_global_shift_n0-9000_n1-1000_transformed-false_seed-018","boosting_selection_2d_global_shift_n0-9000_n1-1000_transformed-false_seed-018.rds","3d14006b7bb4197d2ed6166f8787b945af07eb0d3728ef28e450f2096f2e94fd",357048
"boosting_selection_2d_global_shift_n0-9000_n1-1000_transformed-false_seed-019","boosting_selection_2d_global_shift_n0-9000_n1-1000_transformed-false_seed-019.rds","90fee5a5b1314c73f0d9280d02ba0a4af7b3d7da551cde2b98d4de8a6b080ba4",346696
"boosting_selection_2d_global_shift_n0-9000_n1-1000_transformed-false_seed-020","boosting_selection_2d_global_shift_n0-9000_n1-1000_transformed-false_seed-020.rds","c2f6e0a4b9eaef5ba1189ea53ea1942e14916b9daa7157aaf568e2cb5e3ce45c",344756
"boosting_selection_2d_global_shift_n0-9000_n1-1000_transformed-false_seed-021","boosting_selection_2d_global_shift_n0-9000_n1-1000_transformed-false_seed-021.rds","220b3ab3e034ca552bf577018594a8348207dce458cf7fcfa7acdfc5e18990d8",346496
"boosting_selection_2d_global_shift_n0-9000_n1-1000_transformed-false_seed-022","boosting_selection_2d_global_shift_n0-9000_n1-1000_transformed-false_seed-022.rds","f7b732fa558c4bf5bef4f46ea92cb4ae4443c56c5f5c0543a130f1eaa5f0ce58",378208
"boosting_selection_2d_global_shift_n0-9000_n1-1000_transformed-false_seed-023","boosting_selection_2d_global_shift_n0-9000_n1-1000_transformed-false_seed-023.rds","20f60539faa266d8901889c539bd2b2b146f8531605f1f825185ffe8deef24a0",362268
"boosting_selection_2d_global_shift_n0-9000_n1-1000_transformed-false_seed-024","boosting_selection_2d_global_shift_n0-9000_n1-1000_transformed-false_seed-024.rds","f2667fb7ae4211dcbd7aaa411645521f93b390b4983f662fc1cdd1e0768cf38b",389396
"boosting_selection_2d_global_shift_n0-9000_n1-1000_transformed-false_seed-025","boosting_selection_2d_global_shift_n0-9000_n1-1000_transformed-false_seed-025.rds","50ddbeae9882d8468d99a5f7f642d801f41c6b6e380624deca9a9c8ae17f6928",358956
"boosting_selection_2d_global_shift_n0-9000_n1-1000_transformed-false_seed-026","boosting_selection_2d_global_shift_n0-9000_n1-1000_transformed-false_seed-026.rds","37a68defab1a18bdbcb79afceb4436b723f4bfdcd86f7be87828052e29a33c95",405636
"boosting_selection_2d_global_shift_n0-9000_n1-1000_transformed-false_seed-027","boosting_selection_2d_global_shift_n0-9000_n1-1000_transformed-false_seed-027.rds","2251ffcb12bc824a79088a60fbaa97fdd7689b87277fcb0ea2f645b51022d161",362916
"boosting_selection_2d_global_shift_n0-9000_n1-1000_transformed-false_seed-028","boosting_selection_2d_global_shift_n0-9000_n1-1000_transformed-false_seed-028.rds","d66ca207d195ed886aa7e9205dd757d3fa7569ebd6899fd9123ec6962e66055e",402680
"boosting_selection_2d_global_shift_n0-9000_n1-1000_transformed-false_seed-029","boosting_selection_2d_global_shift_n0-9000_n1-1000_transformed-false_seed-029.rds","a0edf617f57237c2b993c1097bdf6b1b0fcc67ea84bd0d7f2271e9b31a1720d8",344696
"boosting_selection_2d_global_shift_n0-9000_n1-1000_transformed-false_seed-030","boosting_selection_2d_global_shift_n0-9000_n1-1000_transformed-false_seed-030.rds","bd9524a8d1b7ef7a40c9a42741ef93dcb5479cdc44da6c707bc72bac51baab40",414552
"boosting_selection_2d_global_shift_n0-9000_n1-1000_transformed-false_seed-031","boosting_selection_2d_global_shift_n0-9000_n1-1000_transformed-false_seed-031.rds","4f96fcdc3d71b96e1be3ac383ebfbd15b1062470e1f96f3e4f302ec0748cdd05",372960
"boosting_selection_2d_global_shift_n0-9000_n1-1000_transformed-false_seed-032","boosting_selection_2d_global_shift_n0-9000_n1-1000_transformed-false_seed-032.rds","318525a1887505eeea2624aaf9a81ef116b4a53a8d44ab08494898b8378b79b4",368848
"boosting_selection_2d_global_shift_n0-9000_n1-1000_transformed-false_seed-033","boosting_selection_2d_global_shift_n0-9000_n1-1000_transformed-false_seed-033.rds","e7fb596a5d513cbe613f397fc2e4db61c9b5e788fbd0294b11f92cb43d8d6e32",348844
"boosting_selection_2d_global_shift_n0-9000_n1-1000_transformed-false_seed-034","boosting_selection_2d_global_shift_n0-9000_n1-1000_transformed-false_seed-034.rds","d1156b683144385ff76a2e0ba8c13b4ab8fbe84d7343b17da64670fc391a4aa3",344408
"boosting_selection_2d_global_shift_n0-9000_n1-1000_transformed-false_seed-035","boosting_selection_2d_global_shift_n0-9000_n1-1000_transformed-false_seed-035.rds","3426182c96e66298425113d7d080bccd83a67d01f2ec27057c120f4ca5feaab8",410232
"boosting_selection_2d_global_shift_n0-9000_n1-1000_transformed-false_seed-036","boosting_selection_2d_global_shift_n0-9000_n1-1000_transformed-false_seed-036.rds","573cfd2ca35beb659774a4d7d951e4d433e9f0426f2a2155d27ae73378a0a075",335300
"boosting_selection_2d_global_shift_n0-9000_n1-1000_transformed-false_seed-037","boosting_selection_2d_global_shift_n0-9000_n1-1000_transformed-false_seed-037.rds","158e0f699ab534ec978380b3a3d0ff2b999fe4549f93fd791be861afa1e5eca5",342444
"boosting_selection_2d_global_shift_n0-9000_n1-1000_transformed-false_seed-038","boosting_selection_2d_global_shift_n0-9000_n1-1000_transformed-false_seed-038.rds","69dbc549236ce30a054c631e21d3f0d5aaad0cf79b77c82dd71b938192c2cd92",355552
"boosting_selection_2d_global_shift_n0-9000_n1-1000_transformed-false_seed-039","boosting_selection_2d_global_shift_n0-9000_n1-1000_transformed-false_seed-039.rds","8b066deb0d8b5601fefae9f18245c2a486a4bd11854db88f7b3977ad13c66f9b",372676
"boosting_selection_2d_global_shift_n0-9000_n1-1000_transformed-false_seed-040","boosting_selection_2d_global_shift_n0-9000_n1-1000_transformed-false_seed-040.rds","42a777b90f224b74c1eadd27d286984e3508ecdd761e2e83a19dbe0d497d42b3",360468
"boosting_selection_2d_global_shift_n0-9000_n1-1000_transformed-false_seed-041","boosting_selection_2d_global_shift_n0-9000_n1-1000_transformed-false_seed-041.rds","8106b011ea2279a5eaaa1168fc6f0a31d0c3cba06b837ab4107b1eed83a5b7ff",349952
"boosting_selection_2d_global_shift_n0-9000_n1-1000_transformed-false_seed-042","boosting_selection_2d_global_shift_n0-9000_n1-1000_transformed-false_seed-042.rds","77fb7ced84800a0c13755b7e51388cf7df6a118eb7f3bad2b430ec46ab6a4894",349492
"boosting_selection_2d_global_shift_n0-9000_n1-1000_transformed-false_seed-043","boosting_selection_2d_global_shift_n0-9000_n1-1000_transformed-false_seed-043.rds","93cc8bcd849fcfb6c51616e5743f8902845650897f5705b6c0502af9de116e5d",389148
"boosting_selection_2d_global_shift_n0-9000_n1-1000_transformed-false_seed-044","boosting_selection_2d_global_shift_n0-9000_n1-1000_transformed-false_seed-044.rds","15e30fd263ced165a416012d0d992160058f41bc0353360aedc453a62463a63a",347052
"boosting_selection_2d_global_shift_n0-9000_n1-1000_transformed-false_seed-045","boosting_selection_2d_global_shift_n0-9000_n1-1000_transformed-false_seed-045.rds","a8468b4a8a4f437ea0bdc780523c9a6c1f775ac24f84023a56c28f83f50e4d19",411544
"boosting_selection_2d_global_shift_n0-9000_n1-1000_transformed-false_seed-046","boosting_selection_2d_global_shift_n0-9000_n1-1000_transformed-false_seed-046.rds","23f886c4f784962df26f906670250d5c20c5a0d5015f43bf2bbafd677fcacc80",359524
"boosting_selection_2d_global_shift_n0-9000_n1-1000_transformed-false_seed-047","boosting_selection_2d_global_shift_n0-9000_n1-1000_transformed-false_seed-047.rds","66a58f4635ceeb7eac256691903a35ed6d6164af3c78f0b900cbbf45ca4a323f",371840
"boosting_selection_2d_global_shift_n0-9000_n1-1000_transformed-false_seed-048","boosting_selection_2d_global_shift_n0-9000_n1-1000_transformed-false_seed-048.rds","212b2da6e1f4e806c173ffe6ba62969efd96b3ec8d50740606a1317c3b0918ad",376412
"boosting_selection_2d_global_shift_n0-9000_n1-1000_transformed-false_seed-049","boosting_selection_2d_global_shift_n0-9000_n1-1000_transformed-false_seed-049.rds","9335dfb3532f08e18276e318273d14ad77060b4a605340671e33b9bd0787e3cf",361824
"boosting_selection_2d_global_shift_n0-9000_n1-1000_transformed-false_seed-050","boosting_selection_2d_global_shift_n0-9000_n1-1000_transformed-false_seed-050.rds","99d156d2eebcf3e697e9f83c13559b2b0285e970f9678e9237498c4f5e45bdd7",359580
"boosting_selection_2d_local_dispersion_n0-5000_n1-5000_transformed-false_seed-001","boosting_selection_2d_local_dispersion_n0-5000_n1-5000_transformed-false_seed-001.rds","42c3dfff7cdf031cfa2173a3a8bfad5f7c78e160fd4d4f3d27dff3dd2251aca2",309744
"boosting_selection_2d_local_dispersion_n0-5000_n1-5000_transformed-false_seed-002","boosting_selection_2d_local_dispersion_n0-5000_n1-5000_transformed-false_seed-002.rds","8ea0f4c2a597401398037e9ffc54561f702ea45824018acbdea52e046d6cca42",348364
"boosting_selection_2d_local_dispersion_n0-5000_n1-5000_transformed-false_seed-003","boosting_selection_2d_local_dispersion_n0-5000_n1-5000_transformed-false_seed-003.rds","0319ae9e2ae3d0875818f86b701ccf7eb1676acf622e512e6fb633079f3b092a",358296
"boosting_selection_2d_local_dispersion_n0-5000_n1-5000_transformed-false_seed-004","boosting_selection_2d_local_dispersion_n0-5000_n1-5000_transformed-false_seed-004.rds","00e3599cba975ddb432208c4cb87104b58ecd0bed66d62b7d782359c394ddb49",304760
"boosting_selection_2d_local_dispersion_n0-5000_n1-5000_transformed-false_seed-005","boosting_selection_2d_local_dispersion_n0-5000_n1-5000_transformed-false_seed-005.rds","47de2feff7025ce3a8ac38a28a63f2e49786e46dce7220912c9a107cf9f9028a",336348
"boosting_selection_2d_local_dispersion_n0-5000_n1-5000_transformed-false_seed-006","boosting_selection_2d_local_dispersion_n0-5000_n1-5000_transformed-false_seed-006.rds","a527f766f1b0f9f79195b362cc72736e87872761f7c9bd91f37f8cd166358ed4",304820
"boosting_selection_2d_local_dispersion_n0-5000_n1-5000_transformed-false_seed-007","boosting_selection_2d_local_dispersion_n0-5000_n1-5000_transformed-false_seed-007.rds","7829fd1878f8dbf7f970be81a1f4c523f35b4a4a86c73c238cd04cec2db86b66",301636
"boosting_selection_2d_local_dispersion_n0-5000_n1-5000_transformed-false_seed-008","boosting_selection_2d_local_dispersion_n0-5000_n1-5000_transformed-false_seed-008.rds","fbe8ba6271f7822894766e028c45449ba53c59552e6a08732b78fdb024d0570e",351412
"boosting_selection_2d_local_dispersion_n0-5000_n1-5000_transformed-false_seed-009","boosting_selection_2d_local_dispersion_n0-5000_n1-5000_transformed-false_seed-009.rds","d083ebe84a7c19b2ad2180b677b9d0cf58314b62595e66741f93115ec9d73611",296836
"boosting_selection_2d_local_dispersion_n0-5000_n1-5000_transformed-false_seed-010","boosting_selection_2d_local_dispersion_n0-5000_n1-5000_transformed-false_seed-010.rds","1e3c1eaa9bfa27b5d4f5007b5ac0173d5935b85c8eaeade6d3b8f8b759f0ca19",343684
"boosting_selection_2d_local_dispersion_n0-5000_n1-5000_transformed-false_seed-011","boosting_selection_2d_local_dispersion_n0-5000_n1-5000_transformed-false_seed-011.rds","23411c6be5a1ba196921d1bfd6cf1fcfeb314ab021f664380fb46846db6609c8",273092
"boosting_selection_2d_local_dispersion_n0-5000_n1-5000_transformed-false_seed-012","boosting_selection_2d_local_dispersion_n0-5000_n1-5000_transformed-false_seed-012.rds","a462acde60e2385c6b04e4c6e43ec832895886b33cc84b4d3d148cb3110b6f8d",352224
"boosting_selection_2d_local_dispersion_n0-5000_n1-5000_transformed-false_seed-013","boosting_selection_2d_local_dispersion_n0-5000_n1-5000_transformed-false_seed-013.rds","1c788b360759bf857637831c44bcbc4eab53e6b13d44ab2959d290d3063512a4",343752
"boosting_selection_2d_local_dispersion_n0-5000_n1-5000_transformed-false_seed-014","boosting_selection_2d_local_dispersion_n0-5000_n1-5000_transformed-false_seed-014.rds","f8c432b6c38146d363a4b0c1f1ecb9605363a4f07d4d51cb2fda6744ef8e8cea",332960
"boosting_selection_2d_local_dispersion_n0-5000_n1-5000_transformed-false_seed-015","boosting_selection_2d_local_dispersion_n0-5000_n1-5000_transformed-false_seed-015.rds","94f04a3f71d0c418b0c5dee74ce11936b0a5564d1f874149c7810284a19349db",300124
"boosting_selection_2d_local_dispersion_n0-5000_n1-5000_transformed-false_seed-016","boosting_selection_2d_local_dispersion_n0-5000_n1-5000_transformed-false_seed-016.rds","b943f9123ecb5824f58c8a1d3abe76535dcf293bda162b08e37d25299fb1d9b2",351980
"boosting_selection_2d_local_dispersion_n0-5000_n1-5000_transformed-false_seed-017","boosting_selection_2d_local_dispersion_n0-5000_n1-5000_transformed-false_seed-017.rds","e56e3b5eecd8174801b59b7d81177a5a79dc1bc45b3966b7f93c24cdb8025db0",335556
"boosting_selection_2d_local_dispersion_n0-5000_n1-5000_transformed-false_seed-018","boosting_selection_2d_local_dispersion_n0-5000_n1-5000_transformed-false_seed-018.rds","4c5f92971d3900b3463125cbaac945f6f77716064233a2f23b4b4de8005998cb",365032
"boosting_selection_2d_local_dispersion_n0-5000_n1-5000_transformed-false_seed-019","boosting_selection_2d_local_dispersion_n0-5000_n1-5000_transformed-false_seed-019.rds","455460665b9a7c8ed92557b8221f201f91c8d203339b1f25313f414cd8cb5920",344104
"boosting_selection_2d_local_dispersion_n0-5000_n1-5000_transformed-false_seed-020","boosting_selection_2d_local_dispersion_n0-5000_n1-5000_transformed-false_seed-020.rds","d5cff209a47b52b5c5645375bca6728762fa0f8cbfe9716da9a0dc7f78f4b767",294424
"boosting_selection_2d_local_dispersion_n0-5000_n1-5000_transformed-false_seed-021","boosting_selection_2d_local_dispersion_n0-5000_n1-5000_transformed-false_seed-021.rds","db496ed05a9f48562cf844a1fd64042bfe95d5e7e5557c845371592944990d71",311232
"boosting_selection_2d_local_dispersion_n0-5000_n1-5000_transformed-false_seed-022","boosting_selection_2d_local_dispersion_n0-5000_n1-5000_transformed-false_seed-022.rds","801676822a489f1bf2f67ee6810d8e89982cd21cb3f9043bb254eb2e1956fe14",363304
"boosting_selection_2d_local_dispersion_n0-5000_n1-5000_transformed-false_seed-023","boosting_selection_2d_local_dispersion_n0-5000_n1-5000_transformed-false_seed-023.rds","3359c3905a50822aca6fe42ca9dbd26a388b11364507bcd4402ffe82599d83df",334804
"boosting_selection_2d_local_dispersion_n0-5000_n1-5000_transformed-false_seed-024","boosting_selection_2d_local_dispersion_n0-5000_n1-5000_transformed-false_seed-024.rds","e7e24c06a4201628702d0f0294edcc549b6067a1589d564dbd2cc5c68dc5ce22",365912
"boosting_selection_2d_local_dispersion_n0-5000_n1-5000_transformed-false_seed-025","boosting_selection_2d_local_dispersion_n0-5000_n1-5000_transformed-false_seed-025.rds","eacaf5d4c6bc146d48ca7e823ad1beb1d9c3f3ef4d8fa9c2ae5f7bfdb85c634e",317812
"boosting_selection_2d_local_dispersion_n0-5000_n1-5000_transformed-false_seed-026","boosting_selection_2d_local_dispersion_n0-5000_n1-5000_transformed-false_seed-026.rds","ac1aefbbd62f9aa49c5c35b1244b665022d7b11092c6a27e77434d7568d38f59",300736
"boosting_selection_2d_local_dispersion_n0-5000_n1-5000_transformed-false_seed-027","boosting_selection_2d_local_dispersion_n0-5000_n1-5000_transformed-false_seed-027.rds","40938201be7dad9054946374929f1f3da5594dcf7c93be7018587dffc23ddd2d",317548
"boosting_selection_2d_local_dispersion_n0-5000_n1-5000_transformed-false_seed-028","boosting_selection_2d_local_dispersion_n0-5000_n1-5000_transformed-false_seed-028.rds","0bc06b9833225aec253af24043834fa40957cecf134ffc9a8bcd99a037213d60",347648
"boosting_selection_2d_local_dispersion_n0-5000_n1-5000_transformed-false_seed-029","boosting_selection_2d_local_dispersion_n0-5000_n1-5000_transformed-false_seed-029.rds","524419ca786ed291cb7b7cf99379eeaf2a147e29d2f956fdfc46135b39bd6b29",290072
"boosting_selection_2d_local_dispersion_n0-5000_n1-5000_transformed-false_seed-030","boosting_selection_2d_local_dispersion_n0-5000_n1-5000_transformed-false_seed-030.rds","9ff63a444c1f00ad325ee6bdc1ef9224fd8358457d002fd56f80c9c0c14c4bcd",351432
"boosting_selection_2d_local_dispersion_n0-5000_n1-5000_transformed-false_seed-031","boosting_selection_2d_local_dispersion_n0-5000_n1-5000_transformed-false_seed-031.rds","972c6101f015bfef990c054ebc5c10be3304ea08e5147398b65fe6e47c6dab68",307528
"boosting_selection_2d_local_dispersion_n0-5000_n1-5000_transformed-false_seed-032","boosting_selection_2d_local_dispersion_n0-5000_n1-5000_transformed-false_seed-032.rds","b39d81e66f053fb96ad0729e4284515ff82cedfa0b0e2b09f671c105c2a03a47",324268
"boosting_selection_2d_local_dispersion_n0-5000_n1-5000_transformed-false_seed-033","boosting_selection_2d_local_dispersion_n0-5000_n1-5000_transformed-false_seed-033.rds","2ea4eb8ccdd2c0f52982d189177692cc075dfcf769caab2549ce918d3d8eacd0",353680
"boosting_selection_2d_local_dispersion_n0-5000_n1-5000_transformed-false_seed-034","boosting_selection_2d_local_dispersion_n0-5000_n1-5000_transformed-false_seed-034.rds","0d650fadfc8f90998404ac37035705e6c8b9448b206a6eed79fb4ed0e167a90a",305844
"boosting_selection_2d_local_dispersion_n0-5000_n1-5000_transformed-false_seed-035","boosting_selection_2d_local_dispersion_n0-5000_n1-5000_transformed-false_seed-035.rds","1dc4d71e240ca2df426522624f727945dc72a32edc2f7b24fc846052200970db",336968
"boosting_selection_2d_local_dispersion_n0-5000_n1-5000_transformed-false_seed-036","boosting_selection_2d_local_dispersion_n0-5000_n1-5000_transformed-false_seed-036.rds","e6d5c02df7aa980075331673ad46ff1d2302edfaf06adfa6d56318e64988de34",282340
"boosting_selection_2d_local_dispersion_n0-5000_n1-5000_transformed-false_seed-037","boosting_selection_2d_local_dispersion_n0-5000_n1-5000_transformed-false_seed-037.rds","0cd75e2a75cc343c6360a9ef2cb216e66fae5fe728f1093b6aaa329495a348b9",349256
"boosting_selection_2d_local_dispersion_n0-5000_n1-5000_transformed-false_seed-038","boosting_selection_2d_local_dispersion_n0-5000_n1-5000_transformed-false_seed-038.rds","3f84343e685d241af62b1290c2054f42075d517be290d4332824dc8d64ff264e",331212
"boosting_selection_2d_local_dispersion_n0-5000_n1-5000_transformed-false_seed-039","boosting_selection_2d_local_dispersion_n0-5000_n1-5000_transformed-false_seed-039.rds","edee3773be1487c7b4562db981bfdcb33aaeb0562a17baa3f801cc1bb44c4026",291828
"boosting_selection_2d_local_dispersion_n0-5000_n1-5000_transformed-false_seed-040","boosting_selection_2d_local_dispersion_n0-5000_n1-5000_transformed-false_seed-040.rds","47889c737023e4e0fb2f7f28b34fafea674128dbd489e97cb40f6037f5f62c48",361892
"boosting_selection_2d_local_dispersion_n0-5000_n1-5000_transformed-false_seed-041","boosting_selection_2d_local_dispersion_n0-5000_n1-5000_transformed-false_seed-041.rds","d3a63396a85e581e741d52c9befaeca641b618e7a6b56b75e30324dce941fa37",289972
"boosting_selection_2d_local_dispersion_n0-5000_n1-5000_transformed-false_seed-042","boosting_selection_2d_local_dispersion_n0-5000_n1-5000_transformed-false_seed-042.rds","047771a26a81d9bcff7b95ee0af6d1d317de2fedf81a01d39da57804e41366d0",345556
"boosting_selection_2d_local_dispersion_n0-5000_n1-5000_transformed-false_seed-043","boosting_selection_2d_local_dispersion_n0-5000_n1-5000_transformed-false_seed-043.rds","31828d99d006dd25f7ca26b4ca78444ca73f287b76363146dfc84ccfbd563fad",360732
"boosting_selection_2d_local_dispersion_n0-5000_n1-5000_transformed-false_seed-044","boosting_selection_2d_local_dispersion_n0-5000_n1-5000_transformed-false_seed-044.rds","b3b1b67dc5f7fd64d88aaaebe3a80bf85510eb63a4372571f9459ad1748bd46f",344696
"boosting_selection_2d_local_dispersion_n0-5000_n1-5000_transformed-false_seed-045","boosting_selection_2d_local_dispersion_n0-5000_n1-5000_transformed-false_seed-045.rds","1b8de15781d111b71afb7e0f9e35fbef2901583094f1ae5515bc1a4f54feae49",357188
"boosting_selection_2d_local_dispersion_n0-5000_n1-5000_transformed-false_seed-046","boosting_selection_2d_local_dispersion_n0-5000_n1-5000_transformed-false_seed-046.rds","20e7ddbd3d50bb208b7ef9862ef5e69030eb01a03058f92f94a23f11ace31479",357664
"boosting_selection_2d_local_dispersion_n0-5000_n1-5000_transformed-false_seed-047","boosting_selection_2d_local_dispersion_n0-5000_n1-5000_transformed-false_seed-047.rds","946181010ce0899ee4c2ab5c9821e0ee6d1bb7e8e1ddcd66c0f7496b84ecd037",351336
"boosting_selection_2d_local_dispersion_n0-5000_n1-5000_transformed-false_seed-048","boosting_selection_2d_local_dispersion_n0-5000_n1-5000_transformed-false_seed-048.rds","cef0e737da7ba6d89055659d9bcb9016f1dcd25c6e3a783f858720e380e63f1e",299136
"boosting_selection_2d_local_dispersion_n0-5000_n1-5000_transformed-false_seed-049","boosting_selection_2d_local_dispersion_n0-5000_n1-5000_transformed-false_seed-049.rds","751880b20dfa82ad487b01ffc6ddf0ee9086fb74ddcaabfca9cc4afcf28a81a4",322480
"boosting_selection_2d_local_dispersion_n0-5000_n1-5000_transformed-false_seed-050","boosting_selection_2d_local_dispersion_n0-5000_n1-5000_transformed-false_seed-050.rds","05fdcb783f8cee245d608b460c746f37b1cd10be5bb9a72833eeb9b2c3703ed3",288780
"boosting_selection_2d_local_dispersion_n0-9000_n1-1000_transformed-false_seed-001","boosting_selection_2d_local_dispersion_n0-9000_n1-1000_transformed-false_seed-001.rds","874d9839cc43f5e026f4c33f32ae6da3d16859be0c1cf55b293744c6b86de711",283348
"boosting_selection_2d_local_dispersion_n0-9000_n1-1000_transformed-false_seed-002","boosting_selection_2d_local_dispersion_n0-9000_n1-1000_transformed-false_seed-002.rds","8dd961796fd3f4f048900c876dde097cbf56b72bae9ced22b9a2f90b7bf5e4d2",291220
"boosting_selection_2d_local_dispersion_n0-9000_n1-1000_transformed-false_seed-003","boosting_selection_2d_local_dispersion_n0-9000_n1-1000_transformed-false_seed-003.rds","f9bbcdc42e7f409ba96edcafdeb45f04ea185a5a5f3e1f242698a2e8ddf82153",311616
"boosting_selection_2d_local_dispersion_n0-9000_n1-1000_transformed-false_seed-004","boosting_selection_2d_local_dispersion_n0-9000_n1-1000_transformed-false_seed-004.rds","41fc5a0c4db8d800b1b16ef94b48922fb050faa5a87c86b51fed9bfb861a5bea",322908
"boosting_selection_2d_local_dispersion_n0-9000_n1-1000_transformed-false_seed-005","boosting_selection_2d_local_dispersion_n0-9000_n1-1000_transformed-false_seed-005.rds","4350be7cc5bda0b3a2b4ff911fc5a2f6449e10d124e493f020374abe749b52b1",310076
"boosting_selection_2d_local_dispersion_n0-9000_n1-1000_transformed-false_seed-006","boosting_selection_2d_local_dispersion_n0-9000_n1-1000_transformed-false_seed-006.rds","b5e23e6bad9d14979f7100d7e1aeca1d273893784bdfda21cdb54e3c28f2d4fc",309940
"boosting_selection_2d_local_dispersion_n0-9000_n1-1000_transformed-false_seed-007","boosting_selection_2d_local_dispersion_n0-9000_n1-1000_transformed-false_seed-007.rds","0ec8dad03e9aab2f9f1b6f5f349135114e764444a41de31d3d2ec4c32b0dc6d6",295356
"boosting_selection_2d_local_dispersion_n0-9000_n1-1000_transformed-false_seed-008","boosting_selection_2d_local_dispersion_n0-9000_n1-1000_transformed-false_seed-008.rds","743e53c1f71f347b340ac0afa337ded6da33c710bd08999cf7b0826299b10f8e",291428
"boosting_selection_2d_local_dispersion_n0-9000_n1-1000_transformed-false_seed-009","boosting_selection_2d_local_dispersion_n0-9000_n1-1000_transformed-false_seed-009.rds","621d88e01e21b9258ea5c7a6c5fa899f2b5db714bf2d29429a1450251bf98e58",324136
"boosting_selection_2d_local_dispersion_n0-9000_n1-1000_transformed-false_seed-010","boosting_selection_2d_local_dispersion_n0-9000_n1-1000_transformed-false_seed-010.rds","e7eb716fa316f9441f24016a9aaa7877b744916c87e8fc789fafb2ecda1dcb74",303556
"boosting_selection_2d_local_dispersion_n0-9000_n1-1000_transformed-false_seed-011","boosting_selection_2d_local_dispersion_n0-9000_n1-1000_transformed-false_seed-011.rds","bd23673b8dd30082642e3ee48c0e28d82a1f85fba5da7e3dedd178180ef3db20",314392
"boosting_selection_2d_local_dispersion_n0-9000_n1-1000_transformed-false_seed-012","boosting_selection_2d_local_dispersion_n0-9000_n1-1000_transformed-false_seed-012.rds","2abacfdf71afe056feb9bb0dadb0c3d686bc5d3f6c9627d8fbd0a0ef9bede9a4",331512
"boosting_selection_2d_local_dispersion_n0-9000_n1-1000_transformed-false_seed-013","boosting_selection_2d_local_dispersion_n0-9000_n1-1000_transformed-false_seed-013.rds","9caeee54ff763cc691aec3349cc8fa7c51ec42b7bd5b40bf644ead4b5cc24753",284932
"boosting_selection_2d_local_dispersion_n0-9000_n1-1000_transformed-false_seed-014","boosting_selection_2d_local_dispersion_n0-9000_n1-1000_transformed-false_seed-014.rds","9115371bc860c2f3989f0c9b99e0f31a4ebf5c23056455dafe6fcbbe65a93afa",293988
"boosting_selection_2d_local_dispersion_n0-9000_n1-1000_transformed-false_seed-015","boosting_selection_2d_local_dispersion_n0-9000_n1-1000_transformed-false_seed-015.rds","93a17182eab029f6c66f92788d6491b650b9158035717a3a1ab106c08e68d034",299212
"boosting_selection_2d_local_dispersion_n0-9000_n1-1000_transformed-false_seed-016","boosting_selection_2d_local_dispersion_n0-9000_n1-1000_transformed-false_seed-016.rds","69508c7d79701f7409e74b752e74e59821ac497be73bf764caf9d57854fd68cf",315056
"boosting_selection_2d_local_dispersion_n0-9000_n1-1000_transformed-false_seed-017","boosting_selection_2d_local_dispersion_n0-9000_n1-1000_transformed-false_seed-017.rds","98f8949b4ba279e2012016f6a5b42f11b2e1020059a5938f3937b5182b0def62",288828
"boosting_selection_2d_local_dispersion_n0-9000_n1-1000_transformed-false_seed-018","boosting_selection_2d_local_dispersion_n0-9000_n1-1000_transformed-false_seed-018.rds","3ae8bc1657c79c342ad83a820b888242f75a6a7311099a1afd259f752576411c",298896
"boosting_selection_2d_local_dispersion_n0-9000_n1-1000_transformed-false_seed-019","boosting_selection_2d_local_dispersion_n0-9000_n1-1000_transformed-false_seed-019.rds","d54b45a8eb93c1123a81f80fdde60fe0ebf1379ae1cdafeb4410749d0dcef338",319712
"boosting_selection_2d_local_dispersion_n0-9000_n1-1000_transformed-false_seed-020","boosting_selection_2d_local_dispersion_n0-9000_n1-1000_transformed-false_seed-020.rds","a1eef2424d8002e297711ca20557ee7f5972ecd022e887b8ca560c2613b48f5a",289040
"boosting_selection_2d_local_dispersion_n0-9000_n1-1000_transformed-false_seed-021","boosting_selection_2d_local_dispersion_n0-9000_n1-1000_transformed-false_seed-021.rds","b2a4bf07e4486d198215503c6d52951d1589609eb6626d27c15c484e91369efc",302672
"boosting_selection_2d_local_dispersion_n0-9000_n1-1000_transformed-false_seed-022","boosting_selection_2d_local_dispersion_n0-9000_n1-1000_transformed-false_seed-022.rds","e9372fb05c03a638fc5bcaa478d81f00e03bb7600d77187f2a71dd0836e1106e",288972
"boosting_selection_2d_local_dispersion_n0-9000_n1-1000_transformed-false_seed-023","boosting_selection_2d_local_dispersion_n0-9000_n1-1000_transformed-false_seed-023.rds","2fe134f686830b6bb052ec9849ecfa74a77130376b09622a132a9e70bc6718c9",291116
"boosting_selection_2d_local_dispersion_n0-9000_n1-1000_transformed-false_seed-024","boosting_selection_2d_local_dispersion_n0-9000_n1-1000_transformed-false_seed-024.rds","f5c104380f398e72f16e41e519a91e04b2fafb046cc94fec9fcb76559d6fd0a5",304360
"boosting_selection_2d_local_dispersion_n0-9000_n1-1000_transformed-false_seed-025","boosting_selection_2d_local_dispersion_n0-9000_n1-1000_transformed-false_seed-025.rds","8986556f46ff500267ed9d93d8dca45acfff9686b9a2080138cdf671dcce6692",304912
"boosting_selection_2d_local_dispersion_n0-9000_n1-1000_transformed-false_seed-026","boosting_selection_2d_local_dispersion_n0-9000_n1-1000_transformed-false_seed-026.rds","df99ed5576878cde8d99e123fc0e9f527b75dbb9937fc066a7429604891af5e3",290744
"boosting_selection_2d_local_dispersion_n0-9000_n1-1000_transformed-false_seed-027","boosting_selection_2d_local_dispersion_n0-9000_n1-1000_transformed-false_seed-027.rds","38d6071d4b0444ffeade0b0688f165654901b8202f4b61e5706491a5a654fda7",288540
"boosting_selection_2d_local_dispersion_n0-9000_n1-1000_transformed-false_seed-028","boosting_selection_2d_local_dispersion_n0-9000_n1-1000_transformed-false_seed-028.rds","f85fb4c644a8ee6804373d2ad55eab104c0820c4f92ca102e26b981eeb9bdf40",316908
"boosting_selection_2d_local_dispersion_n0-9000_n1-1000_transformed-false_seed-029","boosting_selection_2d_local_dispersion_n0-9000_n1-1000_transformed-false_seed-029.rds","fdeddb8b095e092d4430fec9a90cb009a500b4e8c505789a2635b4df84c49ef0",292572
"boosting_selection_2d_local_dispersion_n0-9000_n1-1000_transformed-false_seed-030","boosting_selection_2d_local_dispersion_n0-9000_n1-1000_transformed-false_seed-030.rds","f2fcdde934094d4c6a864d648f0d5d58de526665e67836a27c187b36399df76c",298208
"boosting_selection_2d_local_dispersion_n0-9000_n1-1000_transformed-false_seed-031","boosting_selection_2d_local_dispersion_n0-9000_n1-1000_transformed-false_seed-031.rds","22b665152695f273005df84a914bc2ad95b4a5835a03bbdf1f9d9e8016d9f13f",296128
"boosting_selection_2d_local_dispersion_n0-9000_n1-1000_transformed-false_seed-032","boosting_selection_2d_local_dispersion_n0-9000_n1-1000_transformed-false_seed-032.rds","52827d1a2612c0ac79c0a038cf30d6232712fc95a458d9403ad37b2d188e5b20",283456
"boosting_selection_2d_local_dispersion_n0-9000_n1-1000_transformed-false_seed-033","boosting_selection_2d_local_dispersion_n0-9000_n1-1000_transformed-false_seed-033.rds","d469fe1eb530303b789c0cfc2c89b15e1e9f44bd32cd068818bc10e1b2a5849c",322744
"boosting_selection_2d_local_dispersion_n0-9000_n1-1000_transformed-false_seed-034","boosting_selection_2d_local_dispersion_n0-9000_n1-1000_transformed-false_seed-034.rds","eedfdfcf0ea5d191e172f0a47f775d3145d4c9ca08681879dc1e164e287a7054",293840
"boosting_selection_2d_local_dispersion_n0-9000_n1-1000_transformed-false_seed-035","boosting_selection_2d_local_dispersion_n0-9000_n1-1000_transformed-false_seed-035.rds","ce0a8417a4813556dfbe8500c3f3a58184b09644829a5e848feff66ef7bf8f3e",303988
"boosting_selection_2d_local_dispersion_n0-9000_n1-1000_transformed-false_seed-036","boosting_selection_2d_local_dispersion_n0-9000_n1-1000_transformed-false_seed-036.rds","6a60d0d441b97c2529b218395e10b158969a35e7470ee524313bfdb50268766c",289816
"boosting_selection_2d_local_dispersion_n0-9000_n1-1000_transformed-false_seed-037","boosting_selection_2d_local_dispersion_n0-9000_n1-1000_transformed-false_seed-037.rds","5693d5863f864ae6aa6b6afb7c369106af5dee30ca7430e227bbb87e62a75a82",292384
"boosting_selection_2d_local_dispersion_n0-9000_n1-1000_transformed-false_seed-038","boosting_selection_2d_local_dispersion_n0-9000_n1-1000_transformed-false_seed-038.rds","163330a01eaa59ebf658211fa3fa75898a67d7cda1b121a80e6044ef839067c9",349728
"boosting_selection_2d_local_dispersion_n0-9000_n1-1000_transformed-false_seed-039","boosting_selection_2d_local_dispersion_n0-9000_n1-1000_transformed-false_seed-039.rds","69254a6a658ebe995ae227828bad8d70849487b9fd5cf3ee72b006c3483dd367",302788
"boosting_selection_2d_local_dispersion_n0-9000_n1-1000_transformed-false_seed-040","boosting_selection_2d_local_dispersion_n0-9000_n1-1000_transformed-false_seed-040.rds","dd8ce2b3597e433e621f2b9510648bd8b6e81783c150024896319ea48fa5bb70",285052
"boosting_selection_2d_local_dispersion_n0-9000_n1-1000_transformed-false_seed-041","boosting_selection_2d_local_dispersion_n0-9000_n1-1000_transformed-false_seed-041.rds","7ab4df75b30322230f90a55712148ca6d8cdd5346d80953b0d3918e7b2e6ac6c",290060
"boosting_selection_2d_local_dispersion_n0-9000_n1-1000_transformed-false_seed-042","boosting_selection_2d_local_dispersion_n0-9000_n1-1000_transformed-false_seed-042.rds","29c2ce9864d14bdf96d450fffe3bc0320c5cd6e6cab0f888a88723cc02184612",293268
"boosting_selection_2d_local_dispersion_n0-9000_n1-1000_transformed-false_seed-043","boosting_selection_2d_local_dispersion_n0-9000_n1-1000_transformed-false_seed-043.rds","b8a818aaeed054f50959c18a20ef96fd8007f9bd074cd8be86c5661deaf819d2",296564
"boosting_selection_2d_local_dispersion_n0-9000_n1-1000_transformed-false_seed-044","boosting_selection_2d_local_dispersion_n0-9000_n1-1000_transformed-false_seed-044.rds","f76ff8947b34ae2ff41dc1bf0cc6bc7f2f7cc6039ba11ffe49c9d9e0b2dd4074",311588
"boosting_selection_2d_local_dispersion_n0-9000_n1-1000_transformed-false_seed-045","boosting_selection_2d_local_dispersion_n0-9000_n1-1000_transformed-false_seed-045.rds","240f5e7ad837ee2a2a1d5962559c5a631d1989ae49ac4cce1b057e7f03a181fa",284452
"boosting_selection_2d_local_dispersion_n0-9000_n1-1000_transformed-false_seed-046","boosting_selection_2d_local_dispersion_n0-9000_n1-1000_transformed-false_seed-046.rds","a5cfa1d6e92b52929d8c47bc01d3e38aa08be63080a68851f8c8131ebdbb1e4d",341556
"boosting_selection_2d_local_dispersion_n0-9000_n1-1000_transformed-false_seed-047","boosting_selection_2d_local_dispersion_n0-9000_n1-1000_transformed-false_seed-047.rds","3a0bf12a5b42ebba0b5d3a6a405e96f0464d90ae6af5163e889cde3a7c1f18bc",294232
"boosting_selection_2d_local_dispersion_n0-9000_n1-1000_transformed-false_seed-048","boosting_selection_2d_local_dispersion_n0-9000_n1-1000_transformed-false_seed-048.rds","7c94ab01967cedc3d1f4b6c480864a744dd81de0b1c326f16ad5831b716b1d4a",294068
"boosting_selection_2d_local_dispersion_n0-9000_n1-1000_transformed-false_seed-049","boosting_selection_2d_local_dispersion_n0-9000_n1-1000_transformed-false_seed-049.rds","d590c2242066b23fe1b98fb9f398fda0fdd28f868bc237178aedba6a232dd1df",316552
"boosting_selection_2d_local_dispersion_n0-9000_n1-1000_transformed-false_seed-050","boosting_selection_2d_local_dispersion_n0-9000_n1-1000_transformed-false_seed-050.rds","d2363331ea829c284002d7229f4c5de27bce65de75f94a5952066b0f004066b8",290748
"boosting_selection_2d_local_shift_n0-5000_n1-5000_transformed-false_seed-001","boosting_selection_2d_local_shift_n0-5000_n1-5000_transformed-false_seed-001.rds","aa600c0c7e643b2683d8c1eaca19d5051c3285f99a86d7c42f0c5cb2595776fd",272700
"boosting_selection_2d_local_shift_n0-5000_n1-5000_transformed-false_seed-002","boosting_selection_2d_local_shift_n0-5000_n1-5000_transformed-false_seed-002.rds","ec9f058a664d432137040d6fd11629b02f868adbd9e8563586d76cf7d8e47001",296092
"boosting_selection_2d_local_shift_n0-5000_n1-5000_transformed-false_seed-003","boosting_selection_2d_local_shift_n0-5000_n1-5000_transformed-false_seed-003.rds","0d0fdc5073b3a622d9a8c8ec01e81737b92b7d5a7bad5c44fc85aa7cf9c3ab1f",299404
"boosting_selection_2d_local_shift_n0-5000_n1-5000_transformed-false_seed-004","boosting_selection_2d_local_shift_n0-5000_n1-5000_transformed-false_seed-004.rds","49a77df087521db31223a4ee28b68d1b0ffc1f0e56883e4d56a11183da719943",323176
"boosting_selection_2d_local_shift_n0-5000_n1-5000_transformed-false_seed-005","boosting_selection_2d_local_shift_n0-5000_n1-5000_transformed-false_seed-005.rds","85fe7e7865cc1ec0478d71cba3d1fc65d37dc54110b6c841bfe0648b328cc29d",287572
"boosting_selection_2d_local_shift_n0-5000_n1-5000_transformed-false_seed-006","boosting_selection_2d_local_shift_n0-5000_n1-5000_transformed-false_seed-006.rds","b6574eb14b2426a73a701c418261290d10a2226620684819a0950472780117f6",279636
"boosting_selection_2d_local_shift_n0-5000_n1-5000_transformed-false_seed-007","boosting_selection_2d_local_shift_n0-5000_n1-5000_transformed-false_seed-007.rds","931152963ee4f4327e71d4af4aa7273be2fc9e7d0c3aab28830bfadace663377",275268
"boosting_selection_2d_local_shift_n0-5000_n1-5000_transformed-false_seed-008","boosting_selection_2d_local_shift_n0-5000_n1-5000_transformed-false_seed-008.rds","efbbb8b60792d735555b39d555f51194be2b58e6d259a0614ad463168f891d6c",299988
"boosting_selection_2d_local_shift_n0-5000_n1-5000_transformed-false_seed-009","boosting_selection_2d_local_shift_n0-5000_n1-5000_transformed-false_seed-009.rds","17a9567c2e71ff2c69337e3d87efaf13bd6aa78edea607f33554c735c2bbfbee",272520
"boosting_selection_2d_local_shift_n0-5000_n1-5000_transformed-false_seed-010","boosting_selection_2d_local_shift_n0-5000_n1-5000_transformed-false_seed-010.rds","8b9c38da29155abf6efb843b3ac652aee1d029b06b55ed67052b00acc169cade",337960
"boosting_selection_2d_local_shift_n0-5000_n1-5000_transformed-false_seed-011","boosting_selection_2d_local_shift_n0-5000_n1-5000_transformed-false_seed-011.rds","313cb7363e4de87a496d103610aaaebd9481836f8ade468854cd532451151e55",295508
"boosting_selection_2d_local_shift_n0-5000_n1-5000_transformed-false_seed-012","boosting_selection_2d_local_shift_n0-5000_n1-5000_transformed-false_seed-012.rds","f01a8f85f238c8bd40bd82439f76897e44e2d2308a6f3b8ab0f162f8ddf1eb99",342436
"boosting_selection_2d_local_shift_n0-5000_n1-5000_transformed-false_seed-013","boosting_selection_2d_local_shift_n0-5000_n1-5000_transformed-false_seed-013.rds","f6922156a8ba96c9fde0c4ba2f3e695750316ddcf2b8b1eca34f7b84d7da77c8",344104
"boosting_selection_2d_local_shift_n0-5000_n1-5000_transformed-false_seed-014","boosting_selection_2d_local_shift_n0-5000_n1-5000_transformed-false_seed-014.rds","2f5f50098cace61eefda3aa006cb178159a666af099fa22ce2fadd3f2a24adb0",276636
"boosting_selection_2d_local_shift_n0-5000_n1-5000_transformed-false_seed-015","boosting_selection_2d_local_shift_n0-5000_n1-5000_transformed-false_seed-015.rds","caa0bfd9ceab149985b49f80df87de7963ea109a007879deab486b479ceaa5a4",290124
"boosting_selection_2d_local_shift_n0-5000_n1-5000_transformed-false_seed-016","boosting_selection_2d_local_shift_n0-5000_n1-5000_transformed-false_seed-016.rds","ffdeba2bee6434062277fe4a1cfbcdcbe6f0e56eee756de5b1742c252a247afd",298880
"boosting_selection_2d_local_shift_n0-5000_n1-5000_transformed-false_seed-017","boosting_selection_2d_local_shift_n0-5000_n1-5000_transformed-false_seed-017.rds","25cc79d133404c5019f1f02ceb7bfec33bb769edfa9ead09402f0c023617f9e9",334912
"boosting_selection_2d_local_shift_n0-5000_n1-5000_transformed-false_seed-018","boosting_selection_2d_local_shift_n0-5000_n1-5000_transformed-false_seed-018.rds","cf50bfa3e91d16c9ba3a4106f825003151ab1685650e4e00014786f292c83ece",307784
"boosting_selection_2d_local_shift_n0-5000_n1-5000_transformed-false_seed-019","boosting_selection_2d_local_shift_n0-5000_n1-5000_transformed-false_seed-019.rds","8f051e6093c5b25a2501c91e4ac1bbf2fd5b21196ca8a2047450cb2b3246db70",299644
"boosting_selection_2d_local_shift_n0-5000_n1-5000_transformed-false_seed-020","boosting_selection_2d_local_shift_n0-5000_n1-5000_transformed-false_seed-020.rds","de49625f27163957a720be7e7800f4ae5495c15eeaf80aa9a528240bfd22b8cb",336556
"boosting_selection_2d_local_shift_n0-5000_n1-5000_transformed-false_seed-021","boosting_selection_2d_local_shift_n0-5000_n1-5000_transformed-false_seed-021.rds","df4b594d207e2d23ace09607e7aca067d270dc61df26cd0ccfd981a6150076c2",281284
"boosting_selection_2d_local_shift_n0-5000_n1-5000_transformed-false_seed-022","boosting_selection_2d_local_shift_n0-5000_n1-5000_transformed-false_seed-022.rds","79f069e668014e0dc0fd86fc4c0df399a118d26c135fe71f536785a72cb48f06",340300
"boosting_selection_2d_local_shift_n0-5000_n1-5000_transformed-false_seed-023","boosting_selection_2d_local_shift_n0-5000_n1-5000_transformed-false_seed-023.rds","2c465814044331cfef474fde65660aad7650eb69f62988de307bb9cdd569a2a7",281408
"boosting_selection_2d_local_shift_n0-5000_n1-5000_transformed-false_seed-024","boosting_selection_2d_local_shift_n0-5000_n1-5000_transformed-false_seed-024.rds","ad65767c6e4af3452ba64fa6e80fe83b7a6ada738e5f5edc0b5e439f6fa23c2d",320344
"boosting_selection_2d_local_shift_n0-5000_n1-5000_transformed-false_seed-025","boosting_selection_2d_local_shift_n0-5000_n1-5000_transformed-false_seed-025.rds","d877af73bd33c6804b8209f76ffe64f13593ab22a69382646bc35a4a69da74c8",344444
"boosting_selection_2d_local_shift_n0-5000_n1-5000_transformed-false_seed-026","boosting_selection_2d_local_shift_n0-5000_n1-5000_transformed-false_seed-026.rds","e1981cd31a27ccbb80d9750e9e4db80f12bb8d07053f25a9672734af340b2cc4",304696
"boosting_selection_2d_local_shift_n0-5000_n1-5000_transformed-false_seed-027","boosting_selection_2d_local_shift_n0-5000_n1-5000_transformed-false_seed-027.rds","9ee5dd1b9a8f3638ac6f546d8d5b4c3bffdafbb6303910c5752f64a900e5fe61",347036
"boosting_selection_2d_local_shift_n0-5000_n1-5000_transformed-false_seed-028","boosting_selection_2d_local_shift_n0-5000_n1-5000_transformed-false_seed-028.rds","4d6358ef7e93a7f65be5d18afd7bc03a6fe4c370fddab3eeb54b59256877fd4f",319916
"boosting_selection_2d_local_shift_n0-5000_n1-5000_transformed-false_seed-029","boosting_selection_2d_local_shift_n0-5000_n1-5000_transformed-false_seed-029.rds","fc92f06cca1409d6ffd30d12bfd14918e3359e866763cf37f98ac6e4f81b4801",286924
"boosting_selection_2d_local_shift_n0-5000_n1-5000_transformed-false_seed-030","boosting_selection_2d_local_shift_n0-5000_n1-5000_transformed-false_seed-030.rds","de898711368ee3c7442b080185146448b1dfc83548ed2a5d994465a4847a5fa7",307068
"boosting_selection_2d_local_shift_n0-5000_n1-5000_transformed-false_seed-031","boosting_selection_2d_local_shift_n0-5000_n1-5000_transformed-false_seed-031.rds","e3dd4478cc83c623fa0940ebb04d3369536633059b4b9e0590d0ca9dd5fb817e",285388
"boosting_selection_2d_local_shift_n0-5000_n1-5000_transformed-false_seed-032","boosting_selection_2d_local_shift_n0-5000_n1-5000_transformed-false_seed-032.rds","900bc3f9dad254386ae440e859010bec6524b928757ef8c62cb1e9e544f85809",278908
"boosting_selection_2d_local_shift_n0-5000_n1-5000_transformed-false_seed-033","boosting_selection_2d_local_shift_n0-5000_n1-5000_transformed-false_seed-033.rds","3901f86b7f48caec9e29db6cc5d907cebee125507ad5fd5b5e296e838762c332",276052
"boosting_selection_2d_local_shift_n0-5000_n1-5000_transformed-false_seed-034","boosting_selection_2d_local_shift_n0-5000_n1-5000_transformed-false_seed-034.rds","cb3d6c88e5420e0dc1504ff4b032a4526995612211c205687d927dbad5974e43",297692
"boosting_selection_2d_local_shift_n0-5000_n1-5000_transformed-false_seed-035","boosting_selection_2d_local_shift_n0-5000_n1-5000_transformed-false_seed-035.rds","c75925bb9510f2cb9e9001c277537d4790f17b48276339ddd4c970abedad35f5",295168
"boosting_selection_2d_local_shift_n0-5000_n1-5000_transformed-false_seed-036","boosting_selection_2d_local_shift_n0-5000_n1-5000_transformed-false_seed-036.rds","f4f5239f582137a8dd5dca22fc764c8ace83ea764cf6ce0e2bdfb4a08ac23759",344396
"boosting_selection_2d_local_shift_n0-5000_n1-5000_transformed-false_seed-037","boosting_selection_2d_local_shift_n0-5000_n1-5000_transformed-false_seed-037.rds","072f3b71af3a4c8cc16e5cd977e9e944be71ab55fe15f2047e8323ac0bb3443b",310980
"boosting_selection_2d_local_shift_n0-5000_n1-5000_transformed-false_seed-038","boosting_selection_2d_local_shift_n0-5000_n1-5000_transformed-false_seed-038.rds","c7cc3684cbf431fd0ff5d389fe332694bf5b429df67c87b92549cc7561eff703",279176
"boosting_selection_2d_local_shift_n0-5000_n1-5000_transformed-false_seed-039","boosting_selection_2d_local_shift_n0-5000_n1-5000_transformed-false_seed-039.rds","e945535005afe26129c4fef5d7a686eeeae299b67df8fb1a8541ceef9c53e114",302792
"boosting_selection_2d_local_shift_n0-5000_n1-5000_transformed-false_seed-040","boosting_selection_2d_local_shift_n0-5000_n1-5000_transformed-false_seed-040.rds","61fab7bba5de3fd311739915d527aafc27df9db133e6761c0f3afa0c5760d02f",323788
"boosting_selection_2d_local_shift_n0-5000_n1-5000_transformed-false_seed-041","boosting_selection_2d_local_shift_n0-5000_n1-5000_transformed-false_seed-041.rds","07201341b47fd6f8d0ceb5130028c25d9fa5ab47103ade84185cb8212db1b1dd",285784
"boosting_selection_2d_local_shift_n0-5000_n1-5000_transformed-false_seed-042","boosting_selection_2d_local_shift_n0-5000_n1-5000_transformed-false_seed-042.rds","75232241155497156234ed8b01d766ab396886cbed801100332ade4cc816a147",344272
"boosting_selection_2d_local_shift_n0-5000_n1-5000_transformed-false_seed-043","boosting_selection_2d_local_shift_n0-5000_n1-5000_transformed-false_seed-043.rds","9ed97fcd0545932471bbaac3da5f0ccfdeadeab2e37045e6aaf3f86e7c1bcc3c",304956
"boosting_selection_2d_local_shift_n0-5000_n1-5000_transformed-false_seed-044","boosting_selection_2d_local_shift_n0-5000_n1-5000_transformed-false_seed-044.rds","139303db41d93977474d1be32a48b93a8f0f6cc6aebaf80769f21703c7684a75",274496
"boosting_selection_2d_local_shift_n0-5000_n1-5000_transformed-false_seed-045","boosting_selection_2d_local_shift_n0-5000_n1-5000_transformed-false_seed-045.rds","6521140903fddd6cabdb050145b6c5fccd493aa4d5e07b43b1a3b83899fc744c",286156
"boosting_selection_2d_local_shift_n0-5000_n1-5000_transformed-false_seed-046","boosting_selection_2d_local_shift_n0-5000_n1-5000_transformed-false_seed-046.rds","b4148d82561374f953f8aacb58f65afc688c433fa5a3d22852bac5ced1f907b9",284512
"boosting_selection_2d_local_shift_n0-5000_n1-5000_transformed-false_seed-047","boosting_selection_2d_local_shift_n0-5000_n1-5000_transformed-false_seed-047.rds","b682aa5f0f442689c602dd4e3fc33bf90e0a202a39e8da6d10b62b4806f6925b",328800
"boosting_selection_2d_local_shift_n0-5000_n1-5000_transformed-false_seed-048","boosting_selection_2d_local_shift_n0-5000_n1-5000_transformed-false_seed-048.rds","043bc7f0925ccf2e7a36f6a408cd5af153df5934d03711ee6a3b7e388849641f",291896
"boosting_selection_2d_local_shift_n0-5000_n1-5000_transformed-false_seed-049","boosting_selection_2d_local_shift_n0-5000_n1-5000_transformed-false_seed-049.rds","ac2166f05f1aecd6a7fb292862a005c47565766de5c705c824c49f655a3b128f",283468
"boosting_selection_2d_local_shift_n0-5000_n1-5000_transformed-false_seed-050","boosting_selection_2d_local_shift_n0-5000_n1-5000_transformed-false_seed-050.rds","9f5bddd4ff8eba438f6e0526d647f496c815dcb479a6b01d85fc21c05af6dbcf",287288
"boosting_selection_2d_local_shift_n0-9000_n1-1000_transformed-false_seed-001","boosting_selection_2d_local_shift_n0-9000_n1-1000_transformed-false_seed-001.rds","18804c27cd030c783856456a8e49ae5e0427bb2e9b0f2783512355df5a8c878d",272964
"boosting_selection_2d_local_shift_n0-9000_n1-1000_transformed-false_seed-002","boosting_selection_2d_local_shift_n0-9000_n1-1000_transformed-false_seed-002.rds","80491e165f76f1ae0a88ea86ee1a3e0c92046123e01ae4b2bc533938b91bd985",272124
"boosting_selection_2d_local_shift_n0-9000_n1-1000_transformed-false_seed-003","boosting_selection_2d_local_shift_n0-9000_n1-1000_transformed-false_seed-003.rds","d85892355599c78e51ef2a0b4124021eeb1a5a0a9d98472707e69b364c29a9cc",281180
"boosting_selection_2d_local_shift_n0-9000_n1-1000_transformed-false_seed-004","boosting_selection_2d_local_shift_n0-9000_n1-1000_transformed-false_seed-004.rds","cff313d92fb186d160c57669796dd0c08770350302b48f9bf0c00eeac64658e0",282164
"boosting_selection_2d_local_shift_n0-9000_n1-1000_transformed-false_seed-005","boosting_selection_2d_local_shift_n0-9000_n1-1000_transformed-false_seed-005.rds","5fbf829bc932c1811508bacaef99b1721c27e670c4a27b512939fae6b4a18725",280748
"boosting_selection_2d_local_shift_n0-9000_n1-1000_transformed-false_seed-006","boosting_selection_2d_local_shift_n0-9000_n1-1000_transformed-false_seed-006.rds","008d95e3ba6f5fb9c31172c4103aef2a4042a9cd819ae1723ffe3c2c66c19f80",269896
"boosting_selection_2d_local_shift_n0-9000_n1-1000_transformed-false_seed-007","boosting_selection_2d_local_shift_n0-9000_n1-1000_transformed-false_seed-007.rds","09c762cc8924a968d463efbd758ec3ebf6f328a61eb8d5327d2f97b01d2474c9",271948
"boosting_selection_2d_local_shift_n0-9000_n1-1000_transformed-false_seed-008","boosting_selection_2d_local_shift_n0-9000_n1-1000_transformed-false_seed-008.rds","b0b9eb1a7bd0fdd8e2fab74c738467dde7ae388f60296de8940599866df62c27",280068
"boosting_selection_2d_local_shift_n0-9000_n1-1000_transformed-false_seed-009","boosting_selection_2d_local_shift_n0-9000_n1-1000_transformed-false_seed-009.rds","30aca3cf8eb5a8cc64f9bf74655bb8ef6c75b2ca509ae8e0f69de3d1dcc65e81",278288
"boosting_selection_2d_local_shift_n0-9000_n1-1000_transformed-false_seed-010","boosting_selection_2d_local_shift_n0-9000_n1-1000_transformed-false_seed-010.rds","698428dde0ed95edfcdddb8018e601f17972a72300d6d4d14b54c18701bda397",278200
"boosting_selection_2d_local_shift_n0-9000_n1-1000_transformed-false_seed-011","boosting_selection_2d_local_shift_n0-9000_n1-1000_transformed-false_seed-011.rds","aaf1ef2fc1e49f8db2d9ae41918f967c8e48117a3050ca8313a40d518ed11e71",275140
"boosting_selection_2d_local_shift_n0-9000_n1-1000_transformed-false_seed-012","boosting_selection_2d_local_shift_n0-9000_n1-1000_transformed-false_seed-012.rds","b6ae889bec7db0f84591da2d1964535c749113ee697562e0267d15c9996d3770",276716
"boosting_selection_2d_local_shift_n0-9000_n1-1000_transformed-false_seed-013","boosting_selection_2d_local_shift_n0-9000_n1-1000_transformed-false_seed-013.rds","2d409eb05b3027b95c1f0e46523a9980e89dfe3132de419172264f71e6da8710",266104
"boosting_selection_2d_local_shift_n0-9000_n1-1000_transformed-false_seed-014","boosting_selection_2d_local_shift_n0-9000_n1-1000_transformed-false_seed-014.rds","154af88504bb2c4a89849b843befd8bed18c25a5687974ef67498fb35d05a0bb",271708
"boosting_selection_2d_local_shift_n0-9000_n1-1000_transformed-false_seed-015","boosting_selection_2d_local_shift_n0-9000_n1-1000_transformed-false_seed-015.rds","f2746bd10b48b5bef7c3faa8fd43f6467d1bd683b6f4fa607c5f5307ab9d7d52",275044
"boosting_selection_2d_local_shift_n0-9000_n1-1000_transformed-false_seed-016","boosting_selection_2d_local_shift_n0-9000_n1-1000_transformed-false_seed-016.rds","6a70c2f9741dfd1739337e1bd30550e87194c56da5f2358638062e2338ecc66e",274056
"boosting_selection_2d_local_shift_n0-9000_n1-1000_transformed-false_seed-017","boosting_selection_2d_local_shift_n0-9000_n1-1000_transformed-false_seed-017.rds","186e754794aa840054dd48fea12b5a076f758bed5c2873926f06f461032cf87c",282496
"boosting_selection_2d_local_shift_n0-9000_n1-1000_transformed-false_seed-018","boosting_selection_2d_local_shift_n0-9000_n1-1000_transformed-false_seed-018.rds","8c701212a1519e4496939dad31a3e92da7908c3509ed3d7bb0ad659a2bdf29ba",277552
"boosting_selection_2d_local_shift_n0-9000_n1-1000_transformed-false_seed-019","boosting_selection_2d_local_shift_n0-9000_n1-1000_transformed-false_seed-019.rds","42714afd5d132eb07ab9d32590ad29f3b123d734e98d3a10e348f0f608ff1b25",272784
"boosting_selection_2d_local_shift_n0-9000_n1-1000_transformed-false_seed-020","boosting_selection_2d_local_shift_n0-9000_n1-1000_transformed-false_seed-020.rds","32f01b29ab02083ed79f8a6f6ed85f884876051f7eaed1bde88218bfc86ca066",270224
"boosting_selection_2d_local_shift_n0-9000_n1-1000_transformed-false_seed-021","boosting_selection_2d_local_shift_n0-9000_n1-1000_transformed-false_seed-021.rds","5556691ca5401d918abc6d6ac368cbf18a13160e4c98a7418772b2dfb6eb8667",289916
"boosting_selection_2d_local_shift_n0-9000_n1-1000_transformed-false_seed-022","boosting_selection_2d_local_shift_n0-9000_n1-1000_transformed-false_seed-022.rds","d951115ce879b9b13f237e41537d8ce40b524eef1ff95353006c40876e8ca109",277328
"boosting_selection_2d_local_shift_n0-9000_n1-1000_transformed-false_seed-023","boosting_selection_2d_local_shift_n0-9000_n1-1000_transformed-false_seed-023.rds","25d10af9eadf3130ac97dc4aed3bf64cd0359acb143a73582a8b731ec58599ec",264736
"boosting_selection_2d_local_shift_n0-9000_n1-1000_transformed-false_seed-024","boosting_selection_2d_local_shift_n0-9000_n1-1000_transformed-false_seed-024.rds","bb5c3bcd0d630ce2fdf1bb52ae1b540b6c6939592bf3a060eebb6fbb3500d63c",275860
"boosting_selection_2d_local_shift_n0-9000_n1-1000_transformed-false_seed-025","boosting_selection_2d_local_shift_n0-9000_n1-1000_transformed-false_seed-025.rds","610b0040429fdab3f9a94e75204ed7326e11a05d8d8f585341490dddf066e8d9",277016
"boosting_selection_2d_local_shift_n0-9000_n1-1000_transformed-false_seed-026","boosting_selection_2d_local_shift_n0-9000_n1-1000_transformed-false_seed-026.rds","4edb056c3535e7b441bd45eeda9fd135c68b73248f160e8a8439a953074faf09",278204
"boosting_selection_2d_local_shift_n0-9000_n1-1000_transformed-false_seed-027","boosting_selection_2d_local_shift_n0-9000_n1-1000_transformed-false_seed-027.rds","92fe803272e98c1e852e4fd030b4639bfd05df21db46e237fd03bd4e2fbe9344",279468
"boosting_selection_2d_local_shift_n0-9000_n1-1000_transformed-false_seed-028","boosting_selection_2d_local_shift_n0-9000_n1-1000_transformed-false_seed-028.rds","1e0001afe30317b6081a4df78d0d9272d665abf68d8041eb745c37479a01b2cf",290312
"boosting_selection_2d_local_shift_n0-9000_n1-1000_transformed-false_seed-029","boosting_selection_2d_local_shift_n0-9000_n1-1000_transformed-false_seed-029.rds","f09eb57f9edcd474342caf6c35b6f09b1974c95a314743b54ee9109dae17ea79",277156
"boosting_selection_2d_local_shift_n0-9000_n1-1000_transformed-false_seed-030","boosting_selection_2d_local_shift_n0-9000_n1-1000_transformed-false_seed-030.rds","898dc56d801dac982204b14f8a4f86103a350d478fd0081ec9b0283f561c9fa2",295304
"boosting_selection_2d_local_shift_n0-9000_n1-1000_transformed-false_seed-031","boosting_selection_2d_local_shift_n0-9000_n1-1000_transformed-false_seed-031.rds","982f8b293954c88f2f1e363ddec5fec0dc9f0d39524847c635dcca9073082b76",268756
"boosting_selection_2d_local_shift_n0-9000_n1-1000_transformed-false_seed-032","boosting_selection_2d_local_shift_n0-9000_n1-1000_transformed-false_seed-032.rds","67c5b5e05a630c55160da602ab1e5af00907b6ce9feb8d981e9e53aabc4872c1",275200
"boosting_selection_2d_local_shift_n0-9000_n1-1000_transformed-false_seed-033","boosting_selection_2d_local_shift_n0-9000_n1-1000_transformed-false_seed-033.rds","2c8e39f090135db5f9a9e0978d619b7241c8db19888d15cdc565eda163f3e5d2",282148
"boosting_selection_2d_local_shift_n0-9000_n1-1000_transformed-false_seed-034","boosting_selection_2d_local_shift_n0-9000_n1-1000_transformed-false_seed-034.rds","26bd65031a1a001bcfb2abc0acc73d95d69296173be0b2656699f5d660b69c4d",271112
"boosting_selection_2d_local_shift_n0-9000_n1-1000_transformed-false_seed-035","boosting_selection_2d_local_shift_n0-9000_n1-1000_transformed-false_seed-035.rds","f70cfb463033be5dc2b5684fe880fc1c631c67130a580ad275425833e3667d06",304108
"boosting_selection_2d_local_shift_n0-9000_n1-1000_transformed-false_seed-036","boosting_selection_2d_local_shift_n0-9000_n1-1000_transformed-false_seed-036.rds","4495ed5366ff9092b17d70ae7d650a5979a3ffef0d61bcb02bbc9cee0c692058",272176
"boosting_selection_2d_local_shift_n0-9000_n1-1000_transformed-false_seed-037","boosting_selection_2d_local_shift_n0-9000_n1-1000_transformed-false_seed-037.rds","b120fa44160ca54bff128f2866eb3d7db016c08efab736e7ef8b3963a02eb9a0",267112
"boosting_selection_2d_local_shift_n0-9000_n1-1000_transformed-false_seed-038","boosting_selection_2d_local_shift_n0-9000_n1-1000_transformed-false_seed-038.rds","e8b8739b4fabc685990d36fd4b4b6cf1ed81f7f013f5a4ef8f23ed05e24d1ddc",279580
"boosting_selection_2d_local_shift_n0-9000_n1-1000_transformed-false_seed-039","boosting_selection_2d_local_shift_n0-9000_n1-1000_transformed-false_seed-039.rds","b104d3d1ea82e94bafe649c7ff1ed54c318d8d545de2f3a1f81f681c1bd73986",273908
"boosting_selection_2d_local_shift_n0-9000_n1-1000_transformed-false_seed-040","boosting_selection_2d_local_shift_n0-9000_n1-1000_transformed-false_seed-040.rds","3e97b4aec1c37b832e897a9346caeb4097af4324613b5efdfdbb5936d938d0ac",274396
"boosting_selection_2d_local_shift_n0-9000_n1-1000_transformed-false_seed-041","boosting_selection_2d_local_shift_n0-9000_n1-1000_transformed-false_seed-041.rds","3cb4f264f2bb71a5619842e46b96c4c1b98bc17664ed2ffbeabb9d5fc69cadf4",271692
"boosting_selection_2d_local_shift_n0-9000_n1-1000_transformed-false_seed-042","boosting_selection_2d_local_shift_n0-9000_n1-1000_transformed-false_seed-042.rds","57334b12ed2e833e1f86ff94342e5d52084ab048247b1334e03245c934a78907",270876
"boosting_selection_2d_local_shift_n0-9000_n1-1000_transformed-false_seed-043","boosting_selection_2d_local_shift_n0-9000_n1-1000_transformed-false_seed-043.rds","434228049d3b56da6b19d8eda31b6581eb1f36fa2e6b3bff0cc3ec774b25c94c",268660
"boosting_selection_2d_local_shift_n0-9000_n1-1000_transformed-false_seed-044","boosting_selection_2d_local_shift_n0-9000_n1-1000_transformed-false_seed-044.rds","9826ffcb7567075e8b95fb27c5137fe1c577ae9d7026fc9164bb6b336e017b19",264256
"boosting_selection_2d_local_shift_n0-9000_n1-1000_transformed-false_seed-045","boosting_selection_2d_local_shift_n0-9000_n1-1000_transformed-false_seed-045.rds","7f695d667ae9bb216ae2f757c5a74d1c5e4f308d57e0d1f73c87d8178eb22df7",268724
"boosting_selection_2d_local_shift_n0-9000_n1-1000_transformed-false_seed-046","boosting_selection_2d_local_shift_n0-9000_n1-1000_transformed-false_seed-046.rds","1b07f734f94ff890fb1190369be023ebb11418ea6d46dfa559fcdff3cf22d6f8",275300
"boosting_selection_2d_local_shift_n0-9000_n1-1000_transformed-false_seed-047","boosting_selection_2d_local_shift_n0-9000_n1-1000_transformed-false_seed-047.rds","979de01141645a491cf199f497027471863dd3064dada422def5e58c7a7c9768",274032
"boosting_selection_2d_local_shift_n0-9000_n1-1000_transformed-false_seed-048","boosting_selection_2d_local_shift_n0-9000_n1-1000_transformed-false_seed-048.rds","c9c8e5d93272b498e850d130252cfa360a49bab329cc8cf8acc15cd807f3da8c",266904
"boosting_selection_2d_local_shift_n0-9000_n1-1000_transformed-false_seed-049","boosting_selection_2d_local_shift_n0-9000_n1-1000_transformed-false_seed-049.rds","4e693b50760a6bcbeb0fd904010c1d68bdca2644cf09161bae5fc8c173826acf",293020
"boosting_selection_2d_local_shift_n0-9000_n1-1000_transformed-false_seed-050","boosting_selection_2d_local_shift_n0-9000_n1-1000_transformed-false_seed-050.rds","a74bae0ce6a6384c0c96b4e989c7b8d8af85dd858f415ddbcd88eec3fd34d063",270448
